product_id,store_id,stock_on_hand,reorder_level,last_updated
1000,58,153,34,2026-03-13 11:27:51.328660
1000,68,76,25,2026-03-13 11:27:51.328669
1000,52,338,65,2026-03-13 11:27:51.328672
1000,91,137,41,2026-03-13 11:27:51.328674
1000,49,213,93,2026-03-13 11:27:51.328676
1001,45,24,92,2026-03-13 11:27:51.328719
1001,50,229,88,2026-03-13 11:27:51.328721
1001,59,47,43,2026-03-13 11:27:51.328722
1001,62,15,62,2026-03-13 11:27:51.328724
1001,57,303,67,2026-03-13 11:27:51.328726
1002,20,256,65,2026-03-13 11:27:51.328750
1002,29,368,81,2026-03-13 11:27:51.328752
1002,15,133,42,2026-03-13 11:27:51.328754
1002,1,258,28,2026-03-13 11:27:51.328756
1002,8,43,43,2026-03-13 11:27:51.328758
1003,71,268,45,2026-03-13 11:27:51.328779
1003,72,246,52,2026-03-13 11:27:51.328781
1003,65,261,42,2026-03-13 11:27:51.328782
1003,27,430,30,2026-03-13 11:27:51.328784
1003,45,384,21,2026-03-13 11:27:51.328786
1004,84,439,15,2026-03-13 11:27:51.328806
1004,9,405,50,2026-03-13 11:27:51.328807
1004,82,475,66,2026-03-13 11:27:51.328815
1004,59,122,40,2026-03-13 11:27:51.328817
1004,2,84,12,2026-03-13 11:27:51.328818
1005,20,184,73,2026-03-13 11:27:51.328873
1005,39,238,20,2026-03-13 11:27:51.328876
1005,81,51,56,2026-03-13 11:27:51.328877
1005,65,82,41,2026-03-13 11:27:51.328879
1005,94,389,50,2026-03-13 11:27:51.328884
1006,68,382,52,2026-03-13 11:27:51.328905
1006,83,137,79,2026-03-13 11:27:51.328906
1006,14,361,57,2026-03-13 11:27:51.328908
1006,91,493,61,2026-03-13 11:27:51.328910
1006,64,6,66,2026-03-13 11:27:51.328912
1007,16,300,21,2026-03-13 11:27:51.328929
1007,57,36,93,2026-03-13 11:27:51.328931
1007,48,493,61,2026-03-13 11:27:51.328932
1007,17,248,66,2026-03-13 11:27:51.328934
1007,83,60,99,2026-03-13 11:27:51.328936
1008,42,313,67,2026-03-13 11:27:51.328956
1008,94,166,73,2026-03-13 11:27:51.328959
1008,92,298,11,2026-03-13 11:27:51.328960
1008,66,467,99,2026-03-13 11:27:51.328962
1008,49,53,55,2026-03-13 11:27:51.328963
1009,28,372,24,2026-03-13 11:27:51.328980
1009,69,75,98,2026-03-13 11:27:51.328982
1009,88,246,36,2026-03-13 11:27:51.328984
1009,60,105,43,2026-03-13 11:27:51.328985
1009,57,236,74,2026-03-13 11:27:51.328987
1010,77,155,25,2026-03-13 11:27:51.329005
1010,9,439,61,2026-03-13 11:27:51.329007
1010,28,261,18,2026-03-13 11:27:51.329008
1010,3,403,43,2026-03-13 11:27:51.329010
1010,71,399,12,2026-03-13 11:27:51.329011
1011,73,421,31,2026-03-13 11:27:51.329030
1011,12,61,62,2026-03-13 11:27:51.329031
1011,20,90,54,2026-03-13 11:27:51.329033
1011,89,252,71,2026-03-13 11:27:51.329036
1011,100,11,43,2026-03-13 11:27:51.329038
1012,98,73,42,2026-03-13 11:27:51.329057
1012,5,155,62,2026-03-13 11:27:51.329058
1012,60,33,56,2026-03-13 11:27:51.329060
1012,34,104,92,2026-03-13 11:27:51.329062
1012,49,111,63,2026-03-13 11:27:51.329063
1013,64,398,79,2026-03-13 11:27:51.329084
1013,7,387,14,2026-03-13 11:27:51.329086
1013,36,367,20,2026-03-13 11:27:51.329087
1013,33,185,91,2026-03-13 11:27:51.329089
1013,26,355,66,2026-03-13 11:27:51.329090
1014,56,31,31,2026-03-13 11:27:51.329108
1014,98,445,82,2026-03-13 11:27:51.329109
1014,15,478,27,2026-03-13 11:27:51.329111
1014,31,138,57,2026-03-13 11:27:51.329113
1014,49,0,86,2026-03-13 11:27:51.329114
1015,35,392,46,2026-03-13 11:27:51.329131
1015,91,127,53,2026-03-13 11:27:51.329133
1015,45,345,80,2026-03-13 11:27:51.329135
1015,62,488,36,2026-03-13 11:27:51.329137
1015,43,26,41,2026-03-13 11:27:51.329138
1016,44,173,19,2026-03-13 11:27:51.329156
1016,84,366,35,2026-03-13 11:27:51.329158
1016,50,218,100,2026-03-13 11:27:51.329159
1016,31,296,94,2026-03-13 11:27:51.329161
1016,14,438,39,2026-03-13 11:27:51.329162
1017,42,99,29,2026-03-13 11:27:51.329179
1017,92,7,11,2026-03-13 11:27:51.329181
1017,35,443,79,2026-03-13 11:27:51.329183
1017,36,404,23,2026-03-13 11:27:51.329184
1017,84,64,69,2026-03-13 11:27:51.329186
1018,51,-5,99,2026-03-13 11:27:51.329203
1018,54,19,44,2026-03-13 11:27:51.329204
1018,2,422,25,2026-03-13 11:27:51.329206
1018,88,13,91,2026-03-13 11:27:51.329209
1018,23,287,26,2026-03-13 11:27:51.329210
1019,36,54,53,2026-03-13 11:27:51.329227
1019,65,309,65,2026-03-13 11:27:51.329229
1019,20,169,71,2026-03-13 11:27:51.329230
1019,54,470,58,2026-03-13 11:27:51.329232
1019,62,353,62,2026-03-13 11:27:51.329233
1020,74,6,92,2026-03-13 11:27:51.329250
1020,11,479,95,2026-03-13 11:27:51.329252
1020,96,-5,39,2026-03-13 11:27:51.329254
1020,36,85,74,2026-03-13 11:27:51.329255
1020,93,295,52,2026-03-13 11:27:51.329259
1021,100,215,54,2026-03-13 11:27:51.329277
1021,18,214,53,2026-03-13 11:27:51.329278
1021,21,485,97,2026-03-13 11:27:51.329282
1021,51,382,43,2026-03-13 11:27:51.329290
1021,13,81,85,2026-03-13 11:27:51.329293
1022,39,107,41,2026-03-13 11:27:51.329310
1022,16,220,43,2026-03-13 11:27:51.329312
1022,60,350,36,2026-03-13 11:27:51.329314
1022,15,342,96,2026-03-13 11:27:51.329315
1022,99,181,84,2026-03-13 11:27:51.329317
1023,78,348,98,2026-03-13 11:27:51.329335
1023,83,292,42,2026-03-13 11:27:51.329336
1023,39,174,80,2026-03-13 11:27:51.329338
1023,30,438,89,2026-03-13 11:27:51.329339
1023,93,272,47,2026-03-13 11:27:51.329341
1024,4,192,28,2026-03-13 11:27:51.329358
1024,6,10,68,2026-03-13 11:27:51.329360
1024,98,209,56,2026-03-13 11:27:51.329362
1024,53,317,13,2026-03-13 11:27:51.329363
1024,85,75,10,2026-03-13 11:27:51.329365
1025,91,344,33,2026-03-13 11:27:51.329383
1025,47,310,69,2026-03-13 11:27:51.329384
1025,64,343,29,2026-03-13 11:27:51.329386
1025,23,345,95,2026-03-13 11:27:51.329388
1025,96,19,50,2026-03-13 11:27:51.329389
1026,35,423,16,2026-03-13 11:27:51.329407
1026,33,112,49,2026-03-13 11:27:51.329409
1026,34,338,70,2026-03-13 11:27:51.329410
1026,70,289,26,2026-03-13 11:27:51.329412
1026,71,44,54,2026-03-13 11:27:51.329414
1027,49,0,28,2026-03-13 11:27:51.329431
1027,55,60,82,2026-03-13 11:27:51.329432
1027,34,23,87,2026-03-13 11:27:51.329434
1027,7,411,96,2026-03-13 11:27:51.329436
1027,80,25,28,2026-03-13 11:27:51.329437
1028,46,165,59,2026-03-13 11:27:51.329454
1028,11,51,11,2026-03-13 11:27:51.329456
1028,97,138,77,2026-03-13 11:27:51.329457
1028,15,496,28,2026-03-13 11:27:51.329459
1028,57,370,32,2026-03-13 11:27:51.329460
1029,57,489,11,2026-03-13 11:27:51.329478
1029,77,463,39,2026-03-13 11:27:51.329479
1029,88,459,11,2026-03-13 11:27:51.329481
1029,100,160,75,2026-03-13 11:27:51.329483
1029,20,412,20,2026-03-13 11:27:51.329486
1030,47,85,16,2026-03-13 11:27:51.329504
1030,28,20,11,2026-03-13 11:27:51.329505
1030,3,-5,40,2026-03-13 11:27:51.329507
1030,68,312,39,2026-03-13 11:27:51.329509
1030,69,351,95,2026-03-13 11:27:51.329510
1031,88,432,91,2026-03-13 11:27:51.329527
1031,21,126,65,2026-03-13 11:27:51.329529
1031,17,126,20,2026-03-13 11:27:51.329531
1031,19,7,10,2026-03-13 11:27:51.329532
1031,62,138,32,2026-03-13 11:27:51.329534
1032,35,42,65,2026-03-13 11:27:51.329550
1032,94,55,24,2026-03-13 11:27:51.329552
1032,13,224,30,2026-03-13 11:27:51.329554
1032,27,480,83,2026-03-13 11:27:51.329555
1032,88,423,43,2026-03-13 11:27:51.329557
1033,43,272,67,2026-03-13 11:27:51.329577
1033,9,119,72,2026-03-13 11:27:51.329579
1033,51,307,57,2026-03-13 11:27:51.330658
1033,97,392,23,2026-03-13 11:27:51.330667
1033,76,110,62,2026-03-13 11:27:51.330671
1034,84,364,51,2026-03-13 11:27:51.330741
1034,46,223,29,2026-03-13 11:27:51.330744
1034,79,211,100,2026-03-13 11:27:51.330747
1034,14,334,46,2026-03-13 11:27:51.330750
1034,91,198,40,2026-03-13 11:27:51.330753
1035,84,296,21,2026-03-13 11:27:51.330787
1035,51,102,44,2026-03-13 11:27:51.330790
1035,90,466,13,2026-03-13 11:27:51.330793
1035,91,477,99,2026-03-13 11:27:51.330797
1035,31,388,16,2026-03-13 11:27:51.330800
1036,59,444,11,2026-03-13 11:27:51.330832
1036,80,470,80,2026-03-13 11:27:51.330835
1036,24,361,61,2026-03-13 11:27:51.330838
1036,78,81,86,2026-03-13 11:27:51.330841
1036,1,333,73,2026-03-13 11:27:51.330844
1037,19,243,44,2026-03-13 11:27:51.330876
1037,83,308,91,2026-03-13 11:27:51.330879
1037,96,447,68,2026-03-13 11:27:51.330882
1037,78,352,92,2026-03-13 11:27:51.330885
1037,28,221,91,2026-03-13 11:27:51.330888
1038,61,141,85,2026-03-13 11:27:51.330919
1038,4,194,32,2026-03-13 11:27:51.330922
1038,12,320,68,2026-03-13 11:27:51.330932
1038,32,300,87,2026-03-13 11:27:51.330935
1038,8,112,17,2026-03-13 11:27:51.330938
1039,1,225,29,2026-03-13 11:27:51.330971
1039,38,210,88,2026-03-13 11:27:51.330974
1039,71,343,40,2026-03-13 11:27:51.330977
1039,63,415,35,2026-03-13 11:27:51.330980
1039,64,318,10,2026-03-13 11:27:51.330983
1040,14,410,57,2026-03-13 11:27:51.331014
1040,65,401,11,2026-03-13 11:27:51.331018
1040,79,196,61,2026-03-13 11:27:51.331021
1040,77,43,19,2026-03-13 11:27:51.331024
1040,34,148,79,2026-03-13 11:27:51.331027
1041,52,455,51,2026-03-13 11:27:51.331067
1041,55,25,30,2026-03-13 11:27:51.331070
1041,92,199,26,2026-03-13 11:27:51.331073
1041,66,168,35,2026-03-13 11:27:51.331076
1041,98,273,72,2026-03-13 11:27:51.331079
1042,2,435,24,2026-03-13 11:27:51.331114
1042,27,143,91,2026-03-13 11:27:51.331117
1042,91,256,24,2026-03-13 11:27:51.331120
1042,42,140,90,2026-03-13 11:27:51.331123
1042,95,360,70,2026-03-13 11:27:51.331126
1043,51,385,42,2026-03-13 11:27:51.331157
1043,58,108,16,2026-03-13 11:27:51.331161
1043,64,378,83,2026-03-13 11:27:51.331164
1043,9,449,37,2026-03-13 11:27:51.331167
1043,75,301,32,2026-03-13 11:27:51.331170
1044,67,26,52,2026-03-13 11:27:51.331201
1044,29,143,82,2026-03-13 11:27:51.331204
1044,26,368,88,2026-03-13 11:27:51.331208
1044,21,243,71,2026-03-13 11:27:51.331211
1044,53,490,30,2026-03-13 11:27:51.331214
1045,92,204,85,2026-03-13 11:27:51.331245
1045,2,378,41,2026-03-13 11:27:51.331248
1045,10,331,16,2026-03-13 11:27:51.331251
1045,13,343,76,2026-03-13 11:27:51.331254
1045,59,60,21,2026-03-13 11:27:51.331257
1046,48,480,64,2026-03-13 11:27:51.331295
1046,51,382,30,2026-03-13 11:27:51.331298
1046,26,205,67,2026-03-13 11:27:51.331301
1046,39,338,41,2026-03-13 11:27:51.331304
1046,62,412,14,2026-03-13 11:27:51.331307
1047,18,79,80,2026-03-13 11:27:51.331342
1047,92,126,15,2026-03-13 11:27:51.331345
1047,68,17,60,2026-03-13 11:27:51.331348
1047,85,75,47,2026-03-13 11:27:51.331351
1047,90,72,26,2026-03-13 11:27:51.331354
1048,4,109,36,2026-03-13 11:27:51.331386
1048,10,448,68,2026-03-13 11:27:51.331389
1048,51,58,97,2026-03-13 11:27:51.331392
1048,95,190,88,2026-03-13 11:27:51.331395
1048,72,460,66,2026-03-13 11:27:51.331398
1049,9,62,55,2026-03-13 11:27:51.331430
1049,61,272,60,2026-03-13 11:27:51.331433
1049,90,257,54,2026-03-13 11:27:51.331436
1049,51,214,20,2026-03-13 11:27:51.331439
1049,48,112,11,2026-03-13 11:27:51.331442
1050,35,361,77,2026-03-13 11:27:51.331474
1050,11,435,78,2026-03-13 11:27:51.331477
1050,68,211,87,2026-03-13 11:27:51.331481
1050,41,270,58,2026-03-13 11:27:51.331484
1050,57,200,19,2026-03-13 11:27:51.331487
1051,99,356,16,2026-03-13 11:27:51.331518
1051,36,139,64,2026-03-13 11:27:51.331521
1051,1,357,34,2026-03-13 11:27:51.331524
1051,85,249,34,2026-03-13 11:27:51.331527
1051,43,67,57,2026-03-13 11:27:51.331530
1052,31,133,30,2026-03-13 11:27:51.331561
1052,46,374,60,2026-03-13 11:27:51.331564
1052,90,22,53,2026-03-13 11:27:51.331567
1052,80,245,33,2026-03-13 11:27:51.331570
1052,64,402,64,2026-03-13 11:27:51.331573
1053,85,174,34,2026-03-13 11:27:51.331623
1053,10,355,21,2026-03-13 11:27:51.331627
1053,48,414,12,2026-03-13 11:27:51.331630
1053,91,309,71,2026-03-13 11:27:51.331633
1053,83,202,17,2026-03-13 11:27:51.331637
1054,26,83,27,2026-03-13 11:27:51.331670
1054,69,339,25,2026-03-13 11:27:51.331673
1054,14,107,72,2026-03-13 11:27:51.331676
1054,10,116,27,2026-03-13 11:27:51.331679
1054,55,112,34,2026-03-13 11:27:51.331682
1055,19,172,95,2026-03-13 11:27:51.331714
1055,91,489,54,2026-03-13 11:27:51.331717
1055,14,267,30,2026-03-13 11:27:51.331723
1055,98,309,36,2026-03-13 11:27:51.331726
1055,26,145,36,2026-03-13 11:27:51.331729
1056,46,326,69,2026-03-13 11:27:51.331762
1056,22,321,51,2026-03-13 11:27:51.331765
1056,23,186,24,2026-03-13 11:27:51.331768
1056,68,268,85,2026-03-13 11:27:51.331771
1056,61,499,42,2026-03-13 11:27:51.331774
1057,68,366,68,2026-03-13 11:27:51.331807
1057,78,78,39,2026-03-13 11:27:51.331810
1057,37,450,65,2026-03-13 11:27:51.331813
1057,27,217,49,2026-03-13 11:27:51.331816
1057,36,227,65,2026-03-13 11:27:51.331819
1058,99,498,78,2026-03-13 11:27:51.331857
1058,55,61,44,2026-03-13 11:27:51.331860
1058,67,206,47,2026-03-13 11:27:51.331863
1058,48,90,73,2026-03-13 11:27:51.331866
1058,74,55,37,2026-03-13 11:27:51.331869
1059,34,393,25,2026-03-13 11:27:51.331903
1059,85,338,11,2026-03-13 11:27:51.331907
1059,26,484,41,2026-03-13 11:27:51.331910
1059,40,371,91,2026-03-13 11:27:51.331913
1059,49,448,62,2026-03-13 11:27:51.331916
1060,1,335,34,2026-03-13 11:27:51.331947
1060,61,476,20,2026-03-13 11:27:51.331950
1060,90,196,93,2026-03-13 11:27:51.331953
1060,71,461,21,2026-03-13 11:27:51.331956
1060,97,337,74,2026-03-13 11:27:51.331959
1061,66,172,36,2026-03-13 11:27:51.331990
1061,15,207,12,2026-03-13 11:27:51.331993
1061,100,336,17,2026-03-13 11:27:51.331996
1061,27,447,48,2026-03-13 11:27:51.331999
1061,72,344,100,2026-03-13 11:27:51.332002
1062,59,260,28,2026-03-13 11:27:51.332040
1062,37,193,60,2026-03-13 11:27:51.332043
1062,99,143,16,2026-03-13 11:27:51.332046
1062,9,260,75,2026-03-13 11:27:51.332049
1062,78,296,57,2026-03-13 11:27:51.332052
1063,16,349,77,2026-03-13 11:27:51.332084
1063,63,240,92,2026-03-13 11:27:51.332087
1063,21,240,22,2026-03-13 11:27:51.332090
1063,82,378,37,2026-03-13 11:27:51.332093
1063,58,210,17,2026-03-13 11:27:51.332099
1064,65,103,29,2026-03-13 11:27:51.332130
1064,77,343,99,2026-03-13 11:27:51.332133
1064,90,453,11,2026-03-13 11:27:51.332136
1064,23,122,85,2026-03-13 11:27:51.332139
1064,40,90,85,2026-03-13 11:27:51.332142
1065,23,66,89,2026-03-13 11:27:51.332173
1065,89,182,47,2026-03-13 11:27:51.332176
1065,68,109,77,2026-03-13 11:27:51.332179
1065,97,370,66,2026-03-13 11:27:51.332182
1065,80,53,86,2026-03-13 11:27:51.332185
1066,52,481,25,2026-03-13 11:27:51.332219
1066,7,98,92,2026-03-13 11:27:51.332221
1066,37,322,82,2026-03-13 11:27:51.332224
1066,29,69,11,2026-03-13 11:27:51.332227
1066,61,359,47,2026-03-13 11:27:51.332231
1067,60,249,61,2026-03-13 11:27:51.332261
1067,72,-5,18,2026-03-13 11:27:51.332265
1067,55,123,10,2026-03-13 11:27:51.332268
1067,36,359,18,2026-03-13 11:27:51.332271
1067,2,214,85,2026-03-13 11:27:51.332274
1068,8,348,90,2026-03-13 11:27:51.332304
1068,51,107,15,2026-03-13 11:27:51.332307
1068,38,11,49,2026-03-13 11:27:51.332310
1068,14,79,38,2026-03-13 11:27:51.332313
1068,31,113,51,2026-03-13 11:27:51.332316
1069,65,495,47,2026-03-13 11:27:51.332347
1069,23,319,46,2026-03-13 11:27:51.332350
1069,64,303,54,2026-03-13 11:27:51.332353
1069,73,233,20,2026-03-13 11:27:51.332356
1069,33,57,78,2026-03-13 11:27:51.332359
1070,11,107,67,2026-03-13 11:27:51.332569
1070,19,471,11,2026-03-13 11:27:51.332574
1070,43,22,64,2026-03-13 11:27:51.332577
1070,59,440,13,2026-03-13 11:27:51.332595
1070,56,46,86,2026-03-13 11:27:51.332598
1071,90,232,48,2026-03-13 11:27:51.332636
1071,92,-5,88,2026-03-13 11:27:51.332639
1071,63,187,45,2026-03-13 11:27:51.332642
1071,72,170,71,2026-03-13 11:27:51.332645
1071,6,7,96,2026-03-13 11:27:51.332652
1072,16,444,66,2026-03-13 11:27:51.332686
1072,95,295,32,2026-03-13 11:27:51.332689
1072,88,27,77,2026-03-13 11:27:51.332695
1072,23,16,45,2026-03-13 11:27:51.332698
1072,12,488,79,2026-03-13 11:27:51.332701
1073,10,308,53,2026-03-13 11:27:51.332733
1073,89,50,66,2026-03-13 11:27:51.332736
1073,12,385,19,2026-03-13 11:27:51.332739
1073,42,63,94,2026-03-13 11:27:51.332742
1073,46,472,74,2026-03-13 11:27:51.332745
1074,51,247,59,2026-03-13 11:27:51.332777
1074,2,230,88,2026-03-13 11:27:51.332780
1074,38,454,10,2026-03-13 11:27:51.332783
1074,71,122,95,2026-03-13 11:27:51.332786
1074,44,11,77,2026-03-13 11:27:51.332789
1075,43,494,100,2026-03-13 11:27:51.332821
1075,51,364,39,2026-03-13 11:27:51.332825
1075,41,246,78,2026-03-13 11:27:51.332828
1075,57,80,14,2026-03-13 11:27:51.332831
1075,55,201,90,2026-03-13 11:27:51.332834
1076,23,412,22,2026-03-13 11:27:51.332865
1076,3,181,48,2026-03-13 11:27:51.332868
1076,45,427,38,2026-03-13 11:27:51.332871
1076,14,432,32,2026-03-13 11:27:51.332874
1076,16,192,74,2026-03-13 11:27:51.332877
1077,47,373,65,2026-03-13 11:27:51.332908
1077,67,21,24,2026-03-13 11:27:51.332911
1077,38,65,33,2026-03-13 11:27:51.332914
1077,49,479,100,2026-03-13 11:27:51.332917
1077,44,245,58,2026-03-13 11:27:51.332920
1078,55,170,86,2026-03-13 11:27:51.332952
1078,81,281,71,2026-03-13 11:27:51.332955
1078,28,293,30,2026-03-13 11:27:51.332958
1078,26,418,69,2026-03-13 11:27:51.332961
1078,66,139,100,2026-03-13 11:27:51.332964
1079,67,363,66,2026-03-13 11:27:51.332996
1079,27,331,49,2026-03-13 11:27:51.333002
1079,20,266,83,2026-03-13 11:27:51.333005
1079,98,313,99,2026-03-13 11:27:51.333008
1079,78,371,81,2026-03-13 11:27:51.333011
1080,75,404,49,2026-03-13 11:27:51.333069
1080,37,392,27,2026-03-13 11:27:51.333074
1080,22,462,90,2026-03-13 11:27:51.333077
1080,92,200,36,2026-03-13 11:27:51.333080
1080,72,360,98,2026-03-13 11:27:51.333083
1081,36,322,82,2026-03-13 11:27:51.333120
1081,11,245,92,2026-03-13 11:27:51.333123
1081,53,311,16,2026-03-13 11:27:51.333126
1081,80,458,23,2026-03-13 11:27:51.333129
1081,28,341,53,2026-03-13 11:27:51.333132
1082,19,395,36,2026-03-13 11:27:51.333162
1082,52,245,34,2026-03-13 11:27:51.333165
1082,80,6,44,2026-03-13 11:27:51.333168
1082,33,250,29,2026-03-13 11:27:51.333171
1082,77,428,94,2026-03-13 11:27:51.333174
1083,34,333,84,2026-03-13 11:27:51.333206
1083,40,306,35,2026-03-13 11:27:51.333209
1083,84,330,27,2026-03-13 11:27:51.333211
1083,63,278,45,2026-03-13 11:27:51.333214
1083,47,97,29,2026-03-13 11:27:51.333216
1084,52,65,33,2026-03-13 11:27:51.333250
1084,77,393,25,2026-03-13 11:27:51.333254
1084,9,337,29,2026-03-13 11:27:51.333256
1084,72,228,18,2026-03-13 11:27:51.333259
1084,12,341,33,2026-03-13 11:27:51.333262
1085,1,9,95,2026-03-13 11:27:51.333294
1085,77,154,90,2026-03-13 11:27:51.333298
1085,5,483,51,2026-03-13 11:27:51.333301
1085,27,299,57,2026-03-13 11:27:51.333304
1085,98,184,23,2026-03-13 11:27:51.333307
1086,11,353,40,2026-03-13 11:27:51.333338
1086,69,246,99,2026-03-13 11:27:51.333341
1086,34,0,69,2026-03-13 11:27:51.333344
1086,59,109,75,2026-03-13 11:27:51.333347
1086,79,314,74,2026-03-13 11:27:51.333350
1087,44,457,89,2026-03-13 11:27:51.333381
1087,82,263,51,2026-03-13 11:27:51.333385
1087,86,425,96,2026-03-13 11:27:51.333388
1087,51,93,90,2026-03-13 11:27:51.333391
1087,36,31,41,2026-03-13 11:27:51.333394
1088,31,86,84,2026-03-13 11:27:51.333424
1088,9,479,76,2026-03-13 11:27:51.333427
1088,16,438,99,2026-03-13 11:27:51.333431
1088,36,355,66,2026-03-13 11:27:51.333434
1088,21,248,54,2026-03-13 11:27:51.333437
1089,29,300,36,2026-03-13 11:27:51.333468
1089,42,101,50,2026-03-13 11:27:51.333471
1089,70,493,51,2026-03-13 11:27:51.333477
1089,40,340,43,2026-03-13 11:27:51.333480
1089,30,169,13,2026-03-13 11:27:51.333483
1090,49,100,88,2026-03-13 11:27:51.333514
1090,28,346,20,2026-03-13 11:27:51.333518
1090,32,463,71,2026-03-13 11:27:51.333520
1090,71,337,19,2026-03-13 11:27:51.333523
1090,9,347,91,2026-03-13 11:27:51.333526
1091,2,12,22,2026-03-13 11:27:51.333557
1091,45,238,60,2026-03-13 11:27:51.333560
1091,32,249,21,2026-03-13 11:27:51.333564
1091,92,227,22,2026-03-13 11:27:51.333567
1091,95,490,73,2026-03-13 11:27:51.333570
1092,56,173,52,2026-03-13 11:27:51.333616
1092,40,419,70,2026-03-13 11:27:51.333619
1092,29,497,89,2026-03-13 11:27:51.333622
1092,28,274,33,2026-03-13 11:27:51.333625
1092,33,392,49,2026-03-13 11:27:51.333628
1093,19,154,49,2026-03-13 11:27:51.333661
1093,78,88,93,2026-03-13 11:27:51.333664
1093,91,320,78,2026-03-13 11:27:51.333667
1093,76,120,89,2026-03-13 11:27:51.333670
1093,45,499,80,2026-03-13 11:27:51.333673
1094,71,436,30,2026-03-13 11:27:51.333704
1094,67,487,45,2026-03-13 11:27:51.333708
1094,62,-5,96,2026-03-13 11:27:51.333711
1094,78,-5,98,2026-03-13 11:27:51.333714
1094,55,456,82,2026-03-13 11:27:51.333717
1095,92,469,23,2026-03-13 11:27:51.333748
1095,82,288,40,2026-03-13 11:27:51.333751
1095,56,476,87,2026-03-13 11:27:51.333754
1095,38,112,96,2026-03-13 11:27:51.333757
1095,24,186,67,2026-03-13 11:27:51.333760
1096,56,368,42,2026-03-13 11:27:51.333791
1096,72,329,90,2026-03-13 11:27:51.333794
1096,55,264,92,2026-03-13 11:27:51.333797
1096,68,100,99,2026-03-13 11:27:51.333800
1096,50,444,15,2026-03-13 11:27:51.333803
1097,22,500,63,2026-03-13 11:27:51.333839
1097,99,342,95,2026-03-13 11:27:51.333842
1097,78,207,74,2026-03-13 11:27:51.333845
1097,35,435,37,2026-03-13 11:27:51.333848
1097,95,485,52,2026-03-13 11:27:51.333854
1098,6,236,58,2026-03-13 11:27:51.333885
1098,33,307,80,2026-03-13 11:27:51.333888
1098,29,234,54,2026-03-13 11:27:51.333891
1098,30,32,38,2026-03-13 11:27:51.333894
1098,100,321,28,2026-03-13 11:27:51.333897
1099,99,29,95,2026-03-13 11:27:51.333928
1099,58,369,68,2026-03-13 11:27:51.333931
1099,26,462,78,2026-03-13 11:27:51.333936
1099,34,317,70,2026-03-13 11:27:51.333939
1099,98,104,88,2026-03-13 11:27:51.333942
1100,41,224,97,2026-03-13 11:27:51.333973
1100,20,299,78,2026-03-13 11:27:51.333976
1100,40,142,12,2026-03-13 11:27:51.333980
1100,35,295,53,2026-03-13 11:27:51.333983
1100,46,208,62,2026-03-13 11:27:51.333986
1101,87,292,35,2026-03-13 11:27:51.334017
1101,28,65,54,2026-03-13 11:27:51.334020
1101,7,289,39,2026-03-13 11:27:51.334023
1101,3,322,53,2026-03-13 11:27:51.334026
1101,25,212,27,2026-03-13 11:27:51.334029
1102,74,45,66,2026-03-13 11:27:51.334067
1102,43,8,66,2026-03-13 11:27:51.334070
1102,40,49,63,2026-03-13 11:27:51.334073
1102,21,327,14,2026-03-13 11:27:51.334076
1102,89,307,47,2026-03-13 11:27:51.334079
1103,41,95,19,2026-03-13 11:27:51.334110
1103,70,449,46,2026-03-13 11:27:51.334113
1103,97,425,26,2026-03-13 11:27:51.334117
1103,49,-5,92,2026-03-13 11:27:51.334120
1103,8,430,84,2026-03-13 11:27:51.334123
1104,35,373,28,2026-03-13 11:27:51.334154
1104,97,378,95,2026-03-13 11:27:51.334158
1104,59,84,39,2026-03-13 11:27:51.334161
1104,91,60,20,2026-03-13 11:27:51.334164
1104,28,13,33,2026-03-13 11:27:51.334167
1105,67,323,64,2026-03-13 11:27:51.334198
1105,22,411,29,2026-03-13 11:27:51.334201
1105,25,112,74,2026-03-13 11:27:51.334204
1105,61,312,74,2026-03-13 11:27:51.334207
1105,11,418,60,2026-03-13 11:27:51.334210
1106,18,215,31,2026-03-13 11:27:51.334241
1106,75,271,50,2026-03-13 11:27:51.334244
1106,27,93,38,2026-03-13 11:27:51.334250
1106,56,334,43,2026-03-13 11:27:51.334253
1106,30,161,96,2026-03-13 11:27:51.334256
1107,29,-5,17,2026-03-13 11:27:51.334287
1107,58,418,50,2026-03-13 11:27:51.334290
1107,76,495,60,2026-03-13 11:27:51.334293
1107,68,211,98,2026-03-13 11:27:51.334296
1107,69,351,63,2026-03-13 11:27:51.334299
1108,91,367,43,2026-03-13 11:27:51.334331
1108,44,141,89,2026-03-13 11:27:51.334334
1108,84,225,93,2026-03-13 11:27:51.334337
1108,22,208,85,2026-03-13 11:27:51.334340
1108,62,300,14,2026-03-13 11:27:51.334343
1109,59,-5,98,2026-03-13 11:27:51.334375
1109,79,481,60,2026-03-13 11:27:51.334378
1109,21,438,92,2026-03-13 11:27:51.334381
1109,80,291,57,2026-03-13 11:27:51.334384
1109,10,260,35,2026-03-13 11:27:51.334387
1110,15,376,25,2026-03-13 11:27:51.334421
1110,9,86,77,2026-03-13 11:27:51.334424
1110,71,448,31,2026-03-13 11:27:51.334427
1110,72,309,73,2026-03-13 11:27:51.334431
1110,14,485,75,2026-03-13 11:27:51.334440
1111,97,274,34,2026-03-13 11:27:51.334471
1111,77,238,55,2026-03-13 11:27:51.334474
1111,35,131,100,2026-03-13 11:27:51.334477
1111,6,292,98,2026-03-13 11:27:51.334480
1111,61,265,100,2026-03-13 11:27:51.334483
1112,23,207,60,2026-03-13 11:27:51.334514
1112,41,376,51,2026-03-13 11:27:51.334517
1112,68,367,56,2026-03-13 11:27:51.334520
1112,67,47,73,2026-03-13 11:27:51.334523
1112,99,283,63,2026-03-13 11:27:51.334526
1113,20,149,51,2026-03-13 11:27:51.334558
1113,6,160,63,2026-03-13 11:27:51.334561
1113,18,201,90,2026-03-13 11:27:51.334564
1113,94,272,54,2026-03-13 11:27:51.334567
1113,46,63,61,2026-03-13 11:27:51.334570
1114,53,157,48,2026-03-13 11:27:51.334611
1114,57,127,99,2026-03-13 11:27:51.334614
1114,15,316,36,2026-03-13 11:27:51.334617
1114,25,313,18,2026-03-13 11:27:51.334620
1114,16,153,85,2026-03-13 11:27:51.334623
1115,8,324,11,2026-03-13 11:27:51.334660
1115,58,392,48,2026-03-13 11:27:51.334663
1115,38,366,21,2026-03-13 11:27:51.334666
1115,29,460,90,2026-03-13 11:27:51.334669
1115,15,116,54,2026-03-13 11:27:51.334672
1116,93,354,62,2026-03-13 11:27:51.334703
1116,28,135,35,2026-03-13 11:27:51.334706
1116,56,248,85,2026-03-13 11:27:51.334709
1116,49,57,69,2026-03-13 11:27:51.334712
1116,68,298,26,2026-03-13 11:27:51.334715
1117,29,394,58,2026-03-13 11:27:51.334747
1117,54,371,99,2026-03-13 11:27:51.334750
1117,3,425,14,2026-03-13 11:27:51.334753
1117,44,323,62,2026-03-13 11:27:51.334757
1117,11,198,55,2026-03-13 11:27:51.334759
1118,6,298,23,2026-03-13 11:27:51.334792
1118,25,412,59,2026-03-13 11:27:51.334795
1118,46,11,79,2026-03-13 11:27:51.334797
1118,62,194,17,2026-03-13 11:27:51.334801
1118,55,75,87,2026-03-13 11:27:51.334804
1119,67,438,68,2026-03-13 11:27:51.334836
1119,44,57,78,2026-03-13 11:27:51.334839
1119,48,57,72,2026-03-13 11:27:51.334842
1119,74,191,56,2026-03-13 11:27:51.334845
1119,79,474,16,2026-03-13 11:27:51.334848
1120,9,426,67,2026-03-13 11:27:51.334881
1120,21,382,91,2026-03-13 11:27:51.334884
1120,57,193,44,2026-03-13 11:27:51.334887
1120,62,225,28,2026-03-13 11:27:51.334890
1120,69,324,90,2026-03-13 11:27:51.334893
1121,73,57,70,2026-03-13 11:27:51.334924
1121,76,153,52,2026-03-13 11:27:51.334927
1121,38,157,10,2026-03-13 11:27:51.334930
1121,49,99,80,2026-03-13 11:27:51.334933
1121,53,284,57,2026-03-13 11:27:51.334936
1122,85,86,80,2026-03-13 11:27:51.334968
1122,55,16,98,2026-03-13 11:27:51.334971
1122,37,252,42,2026-03-13 11:27:51.334974
1122,9,473,77,2026-03-13 11:27:51.334977
1122,18,108,66,2026-03-13 11:27:51.334983
1123,61,412,96,2026-03-13 11:27:51.335014
1123,87,175,99,2026-03-13 11:27:51.335017
1123,50,274,83,2026-03-13 11:27:51.335028
1123,71,237,39,2026-03-13 11:27:51.335031
1123,55,351,79,2026-03-13 11:27:51.335040
1124,56,454,58,2026-03-13 11:27:51.335072
1124,91,172,25,2026-03-13 11:27:51.335075
1124,40,390,17,2026-03-13 11:27:51.335078
1124,11,90,78,2026-03-13 11:27:51.335081
1124,81,16,75,2026-03-13 11:27:51.335084
1125,63,457,56,2026-03-13 11:27:51.335115
1125,65,409,50,2026-03-13 11:27:51.335118
1125,4,266,91,2026-03-13 11:27:51.335121
1125,14,362,80,2026-03-13 11:27:51.335124
1125,78,328,14,2026-03-13 11:27:51.335127
1126,58,96,52,2026-03-13 11:27:51.335168
1126,56,67,15,2026-03-13 11:27:51.335171
1126,99,271,51,2026-03-13 11:27:51.335174
1126,73,314,92,2026-03-13 11:27:51.335177
1126,7,234,66,2026-03-13 11:27:51.335180
1127,11,373,72,2026-03-13 11:27:51.335211
1127,3,86,31,2026-03-13 11:27:51.335214
1127,47,335,68,2026-03-13 11:27:51.335217
1127,88,247,54,2026-03-13 11:27:51.335220
1127,4,414,18,2026-03-13 11:27:51.335223
1128,17,313,61,2026-03-13 11:27:51.335255
1128,4,55,54,2026-03-13 11:27:51.335257
1128,91,297,47,2026-03-13 11:27:51.335260
1128,58,265,12,2026-03-13 11:27:51.335263
1128,73,422,31,2026-03-13 11:27:51.335266
1129,6,457,92,2026-03-13 11:27:51.335297
1129,11,162,35,2026-03-13 11:27:51.335300
1129,98,213,74,2026-03-13 11:27:51.335303
1129,82,484,42,2026-03-13 11:27:51.335306
1129,37,367,62,2026-03-13 11:27:51.335309
1130,47,96,90,2026-03-13 11:27:51.335340
1130,14,144,39,2026-03-13 11:27:51.335344
1130,25,420,57,2026-03-13 11:27:51.335347
1130,10,61,84,2026-03-13 11:27:51.335350
1130,6,76,75,2026-03-13 11:27:51.335353
1131,94,231,55,2026-03-13 11:27:51.335384
1131,20,64,25,2026-03-13 11:27:51.335387
1131,59,302,38,2026-03-13 11:27:51.335390
1131,85,171,18,2026-03-13 11:27:51.335395
1131,33,113,15,2026-03-13 11:27:51.335915
1132,45,131,48,2026-03-13 11:27:51.335961
1132,57,129,26,2026-03-13 11:27:51.335964
1132,74,213,96,2026-03-13 11:27:51.335967
1132,2,216,61,2026-03-13 11:27:51.335970
1132,28,371,18,2026-03-13 11:27:51.335973
1133,26,382,53,2026-03-13 11:27:51.336004
1133,49,333,57,2026-03-13 11:27:51.336007
1133,47,161,20,2026-03-13 11:27:51.336010
1133,86,87,29,2026-03-13 11:27:51.336013
1133,8,316,36,2026-03-13 11:27:51.336016
1134,42,412,73,2026-03-13 11:27:51.336054
1134,10,238,31,2026-03-13 11:27:51.336057
1134,12,33,57,2026-03-13 11:27:51.336060
1134,1,168,64,2026-03-13 11:27:51.336063
1134,74,4,30,2026-03-13 11:27:51.336067
1135,48,363,78,2026-03-13 11:27:51.336102
1135,32,139,97,2026-03-13 11:27:51.336105
1135,51,248,96,2026-03-13 11:27:51.336108
1135,44,412,58,2026-03-13 11:27:51.336111
1135,36,181,39,2026-03-13 11:27:51.336114
1136,60,71,79,2026-03-13 11:27:51.336145
1136,6,261,72,2026-03-13 11:27:51.336148
1136,35,325,73,2026-03-13 11:27:51.336151
1136,22,266,42,2026-03-13 11:27:51.336155
1136,23,344,68,2026-03-13 11:27:51.336158
1137,45,160,18,2026-03-13 11:27:51.336189
1137,23,366,62,2026-03-13 11:27:51.336192
1137,73,357,37,2026-03-13 11:27:51.336195
1137,63,179,78,2026-03-13 11:27:51.336198
1137,48,90,84,2026-03-13 11:27:51.336201
1138,45,130,82,2026-03-13 11:27:51.336232
1138,76,454,46,2026-03-13 11:27:51.336235
1138,43,158,43,2026-03-13 11:27:51.336238
1138,32,173,64,2026-03-13 11:27:51.336241
1138,84,499,41,2026-03-13 11:27:51.336244
1139,45,399,40,2026-03-13 11:27:51.336275
1139,95,317,68,2026-03-13 11:27:51.336279
1139,33,467,90,2026-03-13 11:27:51.336282
1139,70,56,26,2026-03-13 11:27:51.336284
1139,99,292,34,2026-03-13 11:27:51.336287
1140,78,74,17,2026-03-13 11:27:51.336318
1140,79,448,58,2026-03-13 11:27:51.336321
1140,98,8,45,2026-03-13 11:27:51.336326
1140,61,256,23,2026-03-13 11:27:51.336329
1140,12,381,98,2026-03-13 11:27:51.336332
1141,58,128,52,2026-03-13 11:27:51.336363
1141,17,243,78,2026-03-13 11:27:51.336366
1141,2,274,53,2026-03-13 11:27:51.336369
1141,86,93,100,2026-03-13 11:27:51.336372
1141,94,452,86,2026-03-13 11:27:51.336375
1142,58,361,28,2026-03-13 11:27:51.336406
1142,66,470,34,2026-03-13 11:27:51.336410
1142,36,80,56,2026-03-13 11:27:51.336412
1142,100,424,91,2026-03-13 11:27:51.336415
1142,79,57,77,2026-03-13 11:27:51.336419
1143,12,97,29,2026-03-13 11:27:51.336449
1143,7,73,87,2026-03-13 11:27:51.336452
1143,93,205,56,2026-03-13 11:27:51.336455
1143,13,405,56,2026-03-13 11:27:51.336458
1143,84,67,37,2026-03-13 11:27:51.336461
1144,77,217,24,2026-03-13 11:27:51.336492
1144,9,351,46,2026-03-13 11:27:51.336495
1144,56,252,77,2026-03-13 11:27:51.336498
1144,17,250,59,2026-03-13 11:27:51.336501
1144,48,11,60,2026-03-13 11:27:51.336504
1145,27,192,32,2026-03-13 11:27:51.336535
1145,39,1,80,2026-03-13 11:27:51.336538
1145,57,150,95,2026-03-13 11:27:51.336541
1145,2,416,78,2026-03-13 11:27:51.336544
1145,93,393,76,2026-03-13 11:27:51.336547
1146,78,296,30,2026-03-13 11:27:51.336578
1146,54,195,37,2026-03-13 11:27:51.336594
1146,74,483,36,2026-03-13 11:27:51.336597
1146,30,254,32,2026-03-13 11:27:51.336600
1146,93,0,94,2026-03-13 11:27:51.336603
1147,37,340,54,2026-03-13 11:27:51.336636
1147,89,121,36,2026-03-13 11:27:51.336639
1147,55,457,79,2026-03-13 11:27:51.336642
1147,25,28,39,2026-03-13 11:27:51.336645
1147,92,75,44,2026-03-13 11:27:51.336648
1148,14,290,36,2026-03-13 11:27:51.336682
1148,51,189,28,2026-03-13 11:27:51.336685
1148,34,420,24,2026-03-13 11:27:51.336689
1148,17,451,62,2026-03-13 11:27:51.336692
1148,67,285,30,2026-03-13 11:27:51.336697
1149,46,220,57,2026-03-13 11:27:51.336729
1149,34,388,33,2026-03-13 11:27:51.336733
1149,16,239,25,2026-03-13 11:27:51.336736
1149,23,27,23,2026-03-13 11:27:51.336739
1149,81,238,73,2026-03-13 11:27:51.336742
1150,94,98,31,2026-03-13 11:27:51.336772
1150,71,99,59,2026-03-13 11:27:51.336775
1150,50,340,44,2026-03-13 11:27:51.336778
1150,15,394,14,2026-03-13 11:27:51.336782
1150,26,97,24,2026-03-13 11:27:51.336785
1151,56,97,27,2026-03-13 11:27:51.336832
1151,72,485,86,2026-03-13 11:27:51.336836
1151,37,26,59,2026-03-13 11:27:51.336839
1151,35,199,59,2026-03-13 11:27:51.336842
1151,79,389,43,2026-03-13 11:27:51.336845
1152,85,423,49,2026-03-13 11:27:51.336875
1152,56,443,25,2026-03-13 11:27:51.336879
1152,65,210,98,2026-03-13 11:27:51.336882
1152,2,400,81,2026-03-13 11:27:51.336885
1152,75,224,41,2026-03-13 11:27:51.336888
1153,82,429,18,2026-03-13 11:27:51.336920
1153,44,323,56,2026-03-13 11:27:51.336923
1153,59,310,87,2026-03-13 11:27:51.336926
1153,75,319,54,2026-03-13 11:27:51.336928
1153,29,26,93,2026-03-13 11:27:51.336931
1154,75,497,39,2026-03-13 11:27:51.336962
1154,64,123,69,2026-03-13 11:27:51.336965
1154,41,151,46,2026-03-13 11:27:51.336968
1154,91,373,24,2026-03-13 11:27:51.336971
1154,3,291,81,2026-03-13 11:27:51.336974
1155,16,291,66,2026-03-13 11:27:51.337005
1155,64,310,60,2026-03-13 11:27:51.337008
1155,62,287,57,2026-03-13 11:27:51.337011
1155,89,252,38,2026-03-13 11:27:51.337014
1155,88,139,35,2026-03-13 11:27:51.337017
1156,18,467,87,2026-03-13 11:27:51.337055
1156,38,276,23,2026-03-13 11:27:51.337058
1156,52,204,98,2026-03-13 11:27:51.337061
1156,30,406,74,2026-03-13 11:27:51.337064
1156,60,1,55,2026-03-13 11:27:51.337067
1157,51,11,21,2026-03-13 11:27:51.337099
1157,96,24,89,2026-03-13 11:27:51.337102
1157,13,436,51,2026-03-13 11:27:51.337108
1157,20,130,93,2026-03-13 11:27:51.337111
1157,30,35,11,2026-03-13 11:27:51.337114
1158,94,443,40,2026-03-13 11:27:51.337145
1158,37,318,78,2026-03-13 11:27:51.337148
1158,88,99,69,2026-03-13 11:27:51.337151
1158,1,305,98,2026-03-13 11:27:51.337155
1158,72,53,81,2026-03-13 11:27:51.337158
1159,63,471,40,2026-03-13 11:27:51.337188
1159,9,153,39,2026-03-13 11:27:51.337191
1159,33,114,61,2026-03-13 11:27:51.337194
1159,51,498,100,2026-03-13 11:27:51.337197
1159,28,199,40,2026-03-13 11:27:51.337200
1160,99,433,96,2026-03-13 11:27:51.337231
1160,33,139,70,2026-03-13 11:27:51.337234
1160,48,98,36,2026-03-13 11:27:51.337237
1160,95,67,55,2026-03-13 11:27:51.337240
1160,18,366,58,2026-03-13 11:27:51.337243
1161,4,383,33,2026-03-13 11:27:51.337277
1161,5,226,96,2026-03-13 11:27:51.337280
1161,57,279,13,2026-03-13 11:27:51.337283
1161,77,415,93,2026-03-13 11:27:51.337285
1161,61,229,97,2026-03-13 11:27:51.337288
1162,28,351,74,2026-03-13 11:27:51.337319
1162,74,295,10,2026-03-13 11:27:51.337322
1162,71,388,20,2026-03-13 11:27:51.337325
1162,100,25,61,2026-03-13 11:27:51.337328
1162,60,236,74,2026-03-13 11:27:51.337331
1163,69,328,59,2026-03-13 11:27:51.337362
1163,37,214,94,2026-03-13 11:27:51.337365
1163,100,184,62,2026-03-13 11:27:51.337368
1163,12,450,49,2026-03-13 11:27:51.337371
1163,1,252,57,2026-03-13 11:27:51.337374
1164,6,417,81,2026-03-13 11:27:51.337406
1164,77,78,18,2026-03-13 11:27:51.337409
1164,8,383,85,2026-03-13 11:27:51.337412
1164,42,485,98,2026-03-13 11:27:51.337415
1164,83,248,50,2026-03-13 11:27:51.337419
1165,20,41,42,2026-03-13 11:27:51.337451
1165,77,61,54,2026-03-13 11:27:51.337454
1165,99,4,46,2026-03-13 11:27:51.337457
1165,47,285,86,2026-03-13 11:27:51.337460
1165,98,457,74,2026-03-13 11:27:51.337465
1166,28,477,77,2026-03-13 11:27:51.337497
1166,51,248,74,2026-03-13 11:27:51.337500
1166,33,429,64,2026-03-13 11:27:51.337503
1166,37,78,45,2026-03-13 11:27:51.337506
1166,42,447,32,2026-03-13 11:27:51.337509
1167,67,201,39,2026-03-13 11:27:51.337540
1167,23,349,25,2026-03-13 11:27:51.337543
1167,35,475,44,2026-03-13 11:27:51.337546
1167,76,224,31,2026-03-13 11:27:51.337549
1167,25,370,24,2026-03-13 11:27:51.337552
1168,43,225,29,2026-03-13 11:27:51.337593
1168,49,323,93,2026-03-13 11:27:51.337596
1168,68,41,95,2026-03-13 11:27:51.337599
1168,30,325,49,2026-03-13 11:27:51.337602
1168,20,160,47,2026-03-13 11:27:51.337605
1169,89,67,40,2026-03-13 11:27:51.337638
1169,41,352,68,2026-03-13 11:27:51.337641
1169,76,84,91,2026-03-13 11:27:51.337644
1169,64,485,49,2026-03-13 11:27:51.337647
1169,47,495,75,2026-03-13 11:27:51.337650
1170,28,366,53,2026-03-13 11:27:51.337681
1170,60,65,27,2026-03-13 11:27:51.337684
1170,46,196,72,2026-03-13 11:27:51.337687
1170,5,24,94,2026-03-13 11:27:51.337690
1170,31,379,46,2026-03-13 11:27:51.337693
1171,80,378,32,2026-03-13 11:27:51.337725
1171,3,34,14,2026-03-13 11:27:51.337728
1171,10,390,81,2026-03-13 11:27:51.337731
1171,29,252,43,2026-03-13 11:27:51.337734
1171,44,365,95,2026-03-13 11:27:51.337737
1172,35,426,32,2026-03-13 11:27:51.337768
1172,39,433,89,2026-03-13 11:27:51.337771
1172,8,450,37,2026-03-13 11:27:51.337774
1172,6,246,84,2026-03-13 11:27:51.337777
1172,62,83,100,2026-03-13 11:27:51.337780
1173,53,29,65,2026-03-13 11:27:51.337812
1173,25,459,84,2026-03-13 11:27:51.337815
1173,70,246,49,2026-03-13 11:27:51.337818
1173,52,54,77,2026-03-13 11:27:51.337821
1173,4,361,45,2026-03-13 11:27:51.337827
1174,100,258,36,2026-03-13 11:27:51.337858
1174,97,286,33,2026-03-13 11:27:51.337861
1174,5,118,94,2026-03-13 11:27:51.337866
1174,66,62,55,2026-03-13 11:27:51.337869
1174,88,468,20,2026-03-13 11:27:51.337872
1175,95,254,89,2026-03-13 11:27:51.337903
1175,37,260,17,2026-03-13 11:27:51.337906
1175,9,167,58,2026-03-13 11:27:51.337910
1175,85,82,27,2026-03-13 11:27:51.337912
1175,97,216,19,2026-03-13 11:27:51.337915
1176,15,321,78,2026-03-13 11:27:51.337946
1176,19,449,16,2026-03-13 11:27:51.337949
1176,83,436,50,2026-03-13 11:27:51.337952
1176,63,24,11,2026-03-13 11:27:51.337955
1176,93,356,30,2026-03-13 11:27:51.337958
1177,50,304,28,2026-03-13 11:27:51.337989
1177,62,342,33,2026-03-13 11:27:51.337992
1177,49,427,91,2026-03-13 11:27:51.337995
1177,85,370,71,2026-03-13 11:27:51.337998
1177,71,304,51,2026-03-13 11:27:51.338001
1178,83,363,18,2026-03-13 11:27:51.338032
1178,67,264,12,2026-03-13 11:27:51.338040
1178,18,16,59,2026-03-13 11:27:51.338043
1178,71,101,76,2026-03-13 11:27:51.338046
1178,80,485,59,2026-03-13 11:27:51.338050
1179,53,32,63,2026-03-13 11:27:51.338081
1179,3,40,53,2026-03-13 11:27:51.338084
1179,59,336,25,2026-03-13 11:27:51.338087
1179,16,128,86,2026-03-13 11:27:51.338090
1179,80,146,50,2026-03-13 11:27:51.338093
1180,43,409,64,2026-03-13 11:27:51.338124
1180,17,451,93,2026-03-13 11:27:51.338127
1180,85,88,32,2026-03-13 11:27:51.338130
1180,8,292,93,2026-03-13 11:27:51.338133
1180,24,366,56,2026-03-13 11:27:51.338136
1181,98,367,10,2026-03-13 11:27:51.338167
1181,78,367,95,2026-03-13 11:27:51.338170
1181,8,320,63,2026-03-13 11:27:51.338173
1181,44,311,87,2026-03-13 11:27:51.338176
1181,95,29,75,2026-03-13 11:27:51.338179
1182,52,432,28,2026-03-13 11:27:51.338209
1182,62,53,52,2026-03-13 11:27:51.338212
1182,26,19,13,2026-03-13 11:27:51.338215
1182,77,121,30,2026-03-13 11:27:51.338218
1182,7,371,20,2026-03-13 11:27:51.338221
1183,42,273,71,2026-03-13 11:27:51.338259
1183,15,349,13,2026-03-13 11:27:51.338262
1183,63,217,71,2026-03-13 11:27:51.338265
1183,99,218,55,2026-03-13 11:27:51.338268
1183,73,48,71,2026-03-13 11:27:51.338271
1184,96,242,61,2026-03-13 11:27:51.338301
1184,5,362,94,2026-03-13 11:27:51.338307
1184,34,414,22,2026-03-13 11:27:51.338310
1184,89,397,41,2026-03-13 11:27:51.338313
1184,7,174,74,2026-03-13 11:27:51.338316
1185,94,123,15,2026-03-13 11:27:51.338347
1185,90,347,13,2026-03-13 11:27:51.338351
1185,1,259,57,2026-03-13 11:27:51.338354
1185,9,305,85,2026-03-13 11:27:51.338357
1185,37,216,34,2026-03-13 11:27:51.338360
1186,3,451,38,2026-03-13 11:27:51.338393
1186,69,487,79,2026-03-13 11:27:51.338396
1186,59,295,66,2026-03-13 11:27:51.338399
1186,58,391,15,2026-03-13 11:27:51.338402
1186,81,277,16,2026-03-13 11:27:51.338406
1187,23,89,29,2026-03-13 11:27:51.338436
1187,44,298,54,2026-03-13 11:27:51.338439
1187,95,212,79,2026-03-13 11:27:51.338443
1187,86,498,56,2026-03-13 11:27:51.338446
1187,37,155,100,2026-03-13 11:27:51.338449
1188,31,315,81,2026-03-13 11:27:51.338480
1188,25,349,22,2026-03-13 11:27:51.338483
1188,19,374,21,2026-03-13 11:27:51.338486
1188,17,83,92,2026-03-13 11:27:51.338489
1188,94,468,93,2026-03-13 11:27:51.338492
1189,79,262,84,2026-03-13 11:27:51.338522
1189,8,76,30,2026-03-13 11:27:51.338525
1189,47,122,82,2026-03-13 11:27:51.338528
1189,23,473,60,2026-03-13 11:27:51.338531
1189,40,426,35,2026-03-13 11:27:51.338534
1190,78,9,73,2026-03-13 11:27:51.338566
1190,61,21,92,2026-03-13 11:27:51.338568
1190,35,113,43,2026-03-13 11:27:51.338571
1190,11,470,14,2026-03-13 11:27:51.338574
1190,70,70,32,2026-03-13 11:27:51.338577
1191,77,-5,61,2026-03-13 11:27:51.338618
1191,40,428,44,2026-03-13 11:27:51.338622
1191,70,474,14,2026-03-13 11:27:51.338627
1191,1,362,29,2026-03-13 11:27:51.338630
1191,83,41,65,2026-03-13 11:27:51.338633
1192,39,468,78,2026-03-13 11:27:51.338665
1192,47,486,29,2026-03-13 11:27:51.338668
1192,71,399,66,2026-03-13 11:27:51.338671
1192,34,164,70,2026-03-13 11:27:51.338674
1192,96,102,99,2026-03-13 11:27:51.338677
1193,31,448,18,2026-03-13 11:27:51.338708
1193,16,271,68,2026-03-13 11:27:51.338711
1193,63,69,47,2026-03-13 11:27:51.338714
1193,21,487,38,2026-03-13 11:27:51.338717
1193,72,231,92,2026-03-13 11:27:51.338720
1194,15,216,53,2026-03-13 11:27:51.338751
1194,19,258,34,2026-03-13 11:27:51.338754
1194,22,252,98,2026-03-13 11:27:51.338757
1194,26,391,81,2026-03-13 11:27:51.338760
1194,27,48,78,2026-03-13 11:27:51.338763
1195,46,123,74,2026-03-13 11:27:51.338795
1195,27,350,18,2026-03-13 11:27:51.338798
1195,56,112,50,2026-03-13 11:27:51.338801
1195,38,64,70,2026-03-13 11:27:51.338804
1195,59,167,10,2026-03-13 11:27:51.338807
1196,40,97,12,2026-03-13 11:27:51.338837
1196,99,89,59,2026-03-13 11:27:51.338840
1196,80,188,63,2026-03-13 11:27:51.338843
1196,97,454,74,2026-03-13 11:27:51.338846
1196,14,466,72,2026-03-13 11:27:51.338849
1197,19,103,36,2026-03-13 11:27:51.338881
1197,7,50,40,2026-03-13 11:27:51.338884
1197,64,54,78,2026-03-13 11:27:51.338887
1197,95,111,19,2026-03-13 11:27:51.338890
1197,65,264,27,2026-03-13 11:27:51.338893
1198,25,270,71,2026-03-13 11:27:51.338924
1198,41,263,17,2026-03-13 11:27:51.338927
1198,34,10,18,2026-03-13 11:27:51.338930
1198,51,189,88,2026-03-13 11:27:51.338933
1198,92,443,47,2026-03-13 11:27:51.338936
1199,11,390,85,2026-03-13 11:27:51.338971
1199,96,208,93,2026-03-13 11:27:51.338975
1199,87,289,74,2026-03-13 11:27:51.338978
1199,34,189,94,2026-03-13 11:27:51.338980
1199,77,448,64,2026-03-13 11:27:51.338986
1200,92,42,59,2026-03-13 11:27:51.339017
1200,51,189,67,2026-03-13 11:27:51.339020
1200,97,97,29,2026-03-13 11:27:51.339023
1200,79,427,63,2026-03-13 11:27:51.339026
1200,35,151,69,2026-03-13 11:27:51.339029
1201,63,58,98,2026-03-13 11:27:51.339066
1201,76,235,55,2026-03-13 11:27:51.339069
1201,21,417,85,2026-03-13 11:27:51.339073
1201,82,321,56,2026-03-13 11:27:51.339076
1201,44,36,61,2026-03-13 11:27:51.339079
1202,75,215,32,2026-03-13 11:27:51.339109
1202,42,52,55,2026-03-13 11:27:51.339113
1202,87,151,62,2026-03-13 11:27:51.339116
1202,37,225,20,2026-03-13 11:27:51.339119
1202,28,114,51,2026-03-13 11:27:51.339122
1203,41,460,38,2026-03-13 11:27:51.339153
1203,76,283,73,2026-03-13 11:27:51.339156
1203,89,274,86,2026-03-13 11:27:51.339159
1203,47,484,78,2026-03-13 11:27:51.339163
1203,93,242,68,2026-03-13 11:27:51.339166
1204,72,468,54,2026-03-13 11:27:51.339196
1204,42,328,84,2026-03-13 11:27:51.339199
1204,64,414,88,2026-03-13 11:27:51.339202
1204,70,320,13,2026-03-13 11:27:51.339205
1204,69,98,92,2026-03-13 11:27:51.339208
1205,41,412,12,2026-03-13 11:27:51.339239
1205,70,186,84,2026-03-13 11:27:51.339242
1205,84,-5,97,2026-03-13 11:27:51.339245
1205,17,463,85,2026-03-13 11:27:51.339248
1205,72,263,78,2026-03-13 11:27:51.339251
1206,29,474,42,2026-03-13 11:27:51.339281
1206,38,390,86,2026-03-13 11:27:51.339284
1206,43,452,76,2026-03-13 11:27:51.339286
1206,56,44,26,2026-03-13 11:27:51.339290
1206,88,25,83,2026-03-13 11:27:51.339293
1207,28,175,17,2026-03-13 11:27:51.339324
1207,33,368,52,2026-03-13 11:27:51.339327
1207,90,303,61,2026-03-13 11:27:51.339330
1207,58,21,56,2026-03-13 11:27:51.339333
1207,59,229,34,2026-03-13 11:27:51.339336
1208,8,206,54,2026-03-13 11:27:51.339367
1208,52,403,53,2026-03-13 11:27:51.339370
1208,73,42,47,2026-03-13 11:27:51.339376
1208,37,474,62,2026-03-13 11:27:51.339379
1208,16,244,23,2026-03-13 11:27:51.339382
1209,83,438,11,2026-03-13 11:27:51.339459
1209,27,297,32,2026-03-13 11:27:51.339462
1209,72,160,89,2026-03-13 11:27:51.339465
1209,64,60,21,2026-03-13 11:27:51.339468
1209,16,157,80,2026-03-13 11:27:51.339471
1210,29,37,83,2026-03-13 11:27:51.339503
1210,79,221,58,2026-03-13 11:27:51.339505
1210,53,0,48,2026-03-13 11:27:51.339508
1210,12,469,92,2026-03-13 11:27:51.339511
1210,59,226,34,2026-03-13 11:27:51.339515
1211,37,341,27,2026-03-13 11:27:51.339545
1211,30,42,16,2026-03-13 11:27:51.339548
1211,66,240,19,2026-03-13 11:27:51.339551
1211,2,156,10,2026-03-13 11:27:51.339554
1211,23,213,12,2026-03-13 11:27:51.339557
1212,25,164,32,2026-03-13 11:27:51.339602
1212,80,345,61,2026-03-13 11:27:51.339606
1212,37,-5,51,2026-03-13 11:27:51.339609
1212,99,453,25,2026-03-13 11:27:51.339612
1212,90,244,40,2026-03-13 11:27:51.339615
1213,54,242,33,2026-03-13 11:27:51.339647
1213,6,64,85,2026-03-13 11:27:51.339650
1213,37,409,42,2026-03-13 11:27:51.339653
1213,66,323,51,2026-03-13 11:27:51.339656
1213,9,220,78,2026-03-13 11:27:51.339659
1214,45,408,75,2026-03-13 11:27:51.339690
1214,20,495,73,2026-03-13 11:27:51.339693
1214,52,222,10,2026-03-13 11:27:51.339696
1214,36,493,62,2026-03-13 11:27:51.339699
1214,22,191,87,2026-03-13 11:27:51.339702
1215,86,76,12,2026-03-13 11:27:51.339733
1215,59,209,46,2026-03-13 11:27:51.339736
1215,17,52,70,2026-03-13 11:27:51.339739
1215,13,328,92,2026-03-13 11:27:51.339742
1215,94,181,14,2026-03-13 11:27:51.339745
1216,79,16,61,2026-03-13 11:27:51.339775
1216,16,222,26,2026-03-13 11:27:51.339778
1216,40,315,61,2026-03-13 11:27:51.339782
1216,19,485,10,2026-03-13 11:27:51.339785
1216,50,15,30,2026-03-13 11:27:51.339787
1217,90,357,69,2026-03-13 11:27:51.339822
1217,27,379,64,2026-03-13 11:27:51.339825
1217,3,9,13,2026-03-13 11:27:51.339827
1217,35,186,42,2026-03-13 11:27:51.339830
1217,98,316,93,2026-03-13 11:27:51.339833
1218,26,215,10,2026-03-13 11:27:51.339865
1218,32,199,44,2026-03-13 11:27:51.339868
1218,65,382,50,2026-03-13 11:27:51.339871
1218,100,109,78,2026-03-13 11:27:51.339874
1218,33,33,92,2026-03-13 11:27:51.339877
1219,39,407,78,2026-03-13 11:27:51.339907
1219,10,434,88,2026-03-13 11:27:51.339911
1219,61,211,54,2026-03-13 11:27:51.339913
1219,4,55,21,2026-03-13 11:27:51.339916
1219,52,263,59,2026-03-13 11:27:51.339919
1220,44,322,47,2026-03-13 11:27:51.339950
1220,14,445,49,2026-03-13 11:27:51.339954
1220,98,486,33,2026-03-13 11:27:51.339959
1220,7,180,28,2026-03-13 11:27:51.339962
1220,85,260,43,2026-03-13 11:27:51.339965
1221,84,252,29,2026-03-13 11:27:51.339995
1221,92,120,59,2026-03-13 11:27:51.339998
1221,30,74,47,2026-03-13 11:27:51.340001
1221,79,80,40,2026-03-13 11:27:51.340004
1221,71,410,47,2026-03-13 11:27:51.340007
1222,60,81,100,2026-03-13 11:27:51.340046
1222,82,234,30,2026-03-13 11:27:51.340049
1222,9,398,68,2026-03-13 11:27:51.340052
1222,43,291,53,2026-03-13 11:27:51.340055
1222,79,471,25,2026-03-13 11:27:51.340058
1223,57,431,91,2026-03-13 11:27:51.340089
1223,49,402,48,2026-03-13 11:27:51.340092
1223,55,153,99,2026-03-13 11:27:51.340095
1223,64,277,77,2026-03-13 11:27:51.340098
1223,90,389,76,2026-03-13 11:27:51.340101
1224,34,195,36,2026-03-13 11:27:51.340131
1224,77,111,90,2026-03-13 11:27:51.340134
1224,7,493,53,2026-03-13 11:27:51.340137
1224,65,421,49,2026-03-13 11:27:51.340140
1224,83,384,84,2026-03-13 11:27:51.340146
1225,54,312,38,2026-03-13 11:27:51.340177
1225,57,28,85,2026-03-13 11:27:51.340180
1225,53,83,20,2026-03-13 11:27:51.340185
1225,100,210,93,2026-03-13 11:27:51.340188
1225,83,402,99,2026-03-13 11:27:51.340191
1226,38,360,57,2026-03-13 11:27:51.340222
1226,60,441,53,2026-03-13 11:27:51.340225
1226,95,113,83,2026-03-13 11:27:51.340228
1226,54,448,71,2026-03-13 11:27:51.340231
1226,13,112,25,2026-03-13 11:27:51.340234
1227,28,153,79,2026-03-13 11:27:51.340265
1227,29,109,31,2026-03-13 11:27:51.340268
1227,34,487,94,2026-03-13 11:27:51.340271
1227,74,26,42,2026-03-13 11:27:51.340274
1227,57,373,44,2026-03-13 11:27:51.340277
1228,21,249,83,2026-03-13 11:27:51.340308
1228,96,11,76,2026-03-13 11:27:51.340311
1228,6,389,19,2026-03-13 11:27:51.340314
1228,41,204,22,2026-03-13 11:27:51.340317
1228,8,494,79,2026-03-13 11:27:51.340320
1229,62,383,47,2026-03-13 11:27:51.340351
1229,23,198,53,2026-03-13 11:27:51.340354
1229,25,480,32,2026-03-13 11:27:51.340357
1229,15,196,35,2026-03-13 11:27:51.340360
1229,21,486,84,2026-03-13 11:27:51.340363
1230,33,118,59,2026-03-13 11:27:51.340393
1230,16,227,95,2026-03-13 11:27:51.340397
1230,8,334,12,2026-03-13 11:27:51.340400
1230,70,394,31,2026-03-13 11:27:51.340403
1230,89,153,83,2026-03-13 11:27:51.340405
1231,67,2,14,2026-03-13 11:27:51.340436
1231,29,196,23,2026-03-13 11:27:51.340439
1231,81,101,11,2026-03-13 11:27:51.340442
1231,74,244,33,2026-03-13 11:27:51.340445
1231,21,189,74,2026-03-13 11:27:51.340448
1232,37,387,87,2026-03-13 11:27:51.340479
1232,8,132,37,2026-03-13 11:27:51.340482
1232,19,327,81,2026-03-13 11:27:51.340485
1232,95,79,75,2026-03-13 11:27:51.340488
1232,9,151,13,2026-03-13 11:27:51.340491
1233,83,350,83,2026-03-13 11:27:51.340522
1233,73,301,52,2026-03-13 11:27:51.340525
1233,77,457,44,2026-03-13 11:27:51.340528
1233,55,458,23,2026-03-13 11:27:51.340531
1233,95,355,48,2026-03-13 11:27:51.340536
1234,73,353,47,2026-03-13 11:27:51.340569
1234,58,100,51,2026-03-13 11:27:51.340572
1234,4,467,56,2026-03-13 11:27:51.340575
1234,61,393,18,2026-03-13 11:27:51.340578
1234,49,143,68,2026-03-13 11:27:51.340592
1235,87,197,82,2026-03-13 11:27:51.340626
1235,5,-5,85,2026-03-13 11:27:51.340629
1235,86,253,33,2026-03-13 11:27:51.340632
1235,20,461,36,2026-03-13 11:27:51.340635
1235,66,444,45,2026-03-13 11:27:51.340638
1236,73,372,21,2026-03-13 11:27:51.340669
1236,37,81,29,2026-03-13 11:27:51.340672
1236,23,4,75,2026-03-13 11:27:51.340675
1236,29,43,91,2026-03-13 11:27:51.340678
1236,81,399,62,2026-03-13 11:27:51.340681
1237,95,95,73,2026-03-13 11:27:51.340723
1237,79,107,72,2026-03-13 11:27:51.340726
1237,27,341,52,2026-03-13 11:27:51.340729
1237,50,8,58,2026-03-13 11:27:51.340732
1237,100,91,55,2026-03-13 11:27:51.340735
1238,60,321,97,2026-03-13 11:27:51.340767
1238,15,420,32,2026-03-13 11:27:51.340770
1238,79,266,66,2026-03-13 11:27:51.340773
1238,89,215,26,2026-03-13 11:27:51.340776
1238,24,233,43,2026-03-13 11:27:51.340779
1239,13,384,99,2026-03-13 11:27:51.340811
1239,62,303,59,2026-03-13 11:27:51.340814
1239,58,347,58,2026-03-13 11:27:51.340817
1239,29,303,25,2026-03-13 11:27:51.340820
1239,86,226,16,2026-03-13 11:27:51.340823
1240,6,129,76,2026-03-13 11:27:51.340854
1240,38,486,24,2026-03-13 11:27:51.340857
1240,13,433,29,2026-03-13 11:27:51.340860
1240,74,97,90,2026-03-13 11:27:51.340863
1240,77,498,72,2026-03-13 11:27:51.340866
1241,9,326,23,2026-03-13 11:27:51.340897
1241,65,225,66,2026-03-13 11:27:51.340900
1241,45,-5,67,2026-03-13 11:27:51.340903
1241,4,56,24,2026-03-13 11:27:51.340906
1241,53,393,15,2026-03-13 11:27:51.340909
1242,69,428,79,2026-03-13 11:27:51.340940
1242,5,17,72,2026-03-13 11:27:51.340943
1242,24,1,11,2026-03-13 11:27:51.340948
1242,55,378,60,2026-03-13 11:27:51.340951
1242,10,493,94,2026-03-13 11:27:51.340954
1243,77,111,71,2026-03-13 11:27:51.340985
1243,84,212,59,2026-03-13 11:27:51.340989
1243,58,43,83,2026-03-13 11:27:51.340991
1243,48,248,66,2026-03-13 11:27:51.340994
1243,92,307,52,2026-03-13 11:27:51.340998
1244,45,220,70,2026-03-13 11:27:51.341030
1244,20,257,68,2026-03-13 11:27:51.341033
1244,75,425,47,2026-03-13 11:27:51.341042
1244,13,143,90,2026-03-13 11:27:51.341045
1244,85,120,34,2026-03-13 11:27:51.341048
1245,75,176,77,2026-03-13 11:27:51.341079
1245,23,103,95,2026-03-13 11:27:51.341082
1245,95,443,51,2026-03-13 11:27:51.341085
1245,60,88,35,2026-03-13 11:27:51.341088
1245,80,119,67,2026-03-13 11:27:51.341091
1246,18,191,85,2026-03-13 11:27:51.341123
1246,95,313,26,2026-03-13 11:27:51.341127
1246,51,38,29,2026-03-13 11:27:51.341129
1246,82,368,93,2026-03-13 11:27:51.341132
1246,63,117,85,2026-03-13 11:27:51.341135
1247,57,340,59,2026-03-13 11:27:51.341168
1247,25,458,80,2026-03-13 11:27:51.341171
1247,87,156,99,2026-03-13 11:27:51.341174
1247,12,245,57,2026-03-13 11:27:51.341177
1247,62,278,39,2026-03-13 11:27:51.341180
1248,37,98,18,2026-03-13 11:27:51.341211
1248,58,442,30,2026-03-13 11:27:51.341214
1248,42,167,83,2026-03-13 11:27:51.341217
1248,34,481,46,2026-03-13 11:27:51.341220
1248,6,252,52,2026-03-13 11:27:51.341223
1249,25,22,62,2026-03-13 11:27:51.341255
1249,29,0,26,2026-03-13 11:27:51.341259
1249,60,255,30,2026-03-13 11:27:51.341262
1249,98,180,38,2026-03-13 11:27:51.341265
1249,86,350,51,2026-03-13 11:27:51.341268
1250,67,389,93,2026-03-13 11:27:51.341305
1250,59,221,10,2026-03-13 11:27:51.341308
1250,80,133,84,2026-03-13 11:27:51.341311
1250,85,431,100,2026-03-13 11:27:51.341314
1250,22,140,66,2026-03-13 11:27:51.341317
1251,7,43,51,2026-03-13 11:27:51.341351
1251,37,364,17,2026-03-13 11:27:51.341354
1251,35,384,78,2026-03-13 11:27:51.341357
1251,56,356,49,2026-03-13 11:27:51.341360
1251,65,72,51,2026-03-13 11:27:51.341363
1252,28,360,59,2026-03-13 11:27:51.341393
1252,52,72,80,2026-03-13 11:27:51.341396
1252,42,39,78,2026-03-13 11:27:51.341398
1252,19,145,46,2026-03-13 11:27:51.341401
1252,65,227,41,2026-03-13 11:27:51.341404
1253,33,347,100,2026-03-13 11:27:51.341435
1253,9,396,36,2026-03-13 11:27:51.341438
1253,29,116,57,2026-03-13 11:27:51.341441
1253,96,357,15,2026-03-13 11:27:51.341444
1253,66,46,49,2026-03-13 11:27:51.341447
1254,89,381,83,2026-03-13 11:27:51.341478
1254,98,317,73,2026-03-13 11:27:51.341481
1254,100,412,28,2026-03-13 11:27:51.341484
1254,88,65,85,2026-03-13 11:27:51.341487
1254,30,13,16,2026-03-13 11:27:51.341490
1255,15,224,55,2026-03-13 11:27:51.341521
1255,22,38,40,2026-03-13 11:27:51.341524
1255,87,494,69,2026-03-13 11:27:51.341527
1255,95,448,10,2026-03-13 11:27:51.341530
1255,85,364,52,2026-03-13 11:27:51.341533
1256,41,120,49,2026-03-13 11:27:51.341564
1256,91,395,94,2026-03-13 11:27:51.341567
1256,65,433,13,2026-03-13 11:27:51.341570
1256,22,319,51,2026-03-13 11:27:51.341573
1256,52,26,91,2026-03-13 11:27:51.341576
1257,57,351,54,2026-03-13 11:27:51.341619
1257,85,239,80,2026-03-13 11:27:51.341622
1257,81,205,66,2026-03-13 11:27:51.341625
1257,32,252,10,2026-03-13 11:27:51.341628
1257,4,437,100,2026-03-13 11:27:51.341631
1258,74,50,93,2026-03-13 11:27:51.341663
1258,99,132,91,2026-03-13 11:27:51.341666
1258,67,500,69,2026-03-13 11:27:51.341672
1258,44,319,89,2026-03-13 11:27:51.341675
1258,96,153,61,2026-03-13 11:27:51.341678
1259,22,72,63,2026-03-13 11:27:51.341709
1259,88,441,22,2026-03-13 11:27:51.341712
1259,53,274,51,2026-03-13 11:27:51.341717
1259,80,360,43,2026-03-13 11:27:51.341720
1259,89,234,98,2026-03-13 11:27:51.341723
1260,49,109,92,2026-03-13 11:27:51.341755
1260,87,184,89,2026-03-13 11:27:51.341758
1260,84,64,50,2026-03-13 11:27:51.341761
1260,90,200,85,2026-03-13 11:27:51.341764
1260,25,274,58,2026-03-13 11:27:51.341767
1261,40,468,27,2026-03-13 11:27:51.341798
1261,58,313,23,2026-03-13 11:27:51.341801
1261,35,13,44,2026-03-13 11:27:51.341804
1261,74,180,84,2026-03-13 11:27:51.341807
1261,30,49,53,2026-03-13 11:27:51.341810
1262,91,46,66,2026-03-13 11:27:51.341840
1262,40,393,94,2026-03-13 11:27:51.341843
1262,77,189,82,2026-03-13 11:27:51.341846
1262,20,478,13,2026-03-13 11:27:51.341849
1262,45,485,70,2026-03-13 11:27:51.341853
1263,83,157,20,2026-03-13 11:27:51.341886
1263,4,233,46,2026-03-13 11:27:51.341889
1263,79,347,71,2026-03-13 11:27:51.341892
1263,43,84,94,2026-03-13 11:27:51.341895
1263,63,64,74,2026-03-13 11:27:51.341898
1264,25,69,69,2026-03-13 11:27:51.341929
1264,51,327,59,2026-03-13 11:27:51.341932
1264,82,11,34,2026-03-13 11:27:51.341935
1264,7,230,97,2026-03-13 11:27:51.341938
1264,19,482,31,2026-03-13 11:27:51.341941
1265,51,412,64,2026-03-13 11:27:51.341972
1265,5,306,61,2026-03-13 11:27:51.341975
1265,69,282,72,2026-03-13 11:27:51.341978
1265,28,109,58,2026-03-13 11:27:51.341981
1265,66,246,47,2026-03-13 11:27:51.341984
1266,28,443,77,2026-03-13 11:27:51.342016
1266,10,276,87,2026-03-13 11:27:51.342019
1266,59,148,34,2026-03-13 11:27:51.342022
1266,39,268,93,2026-03-13 11:27:51.342025
1266,73,6,70,2026-03-13 11:27:51.342028
1267,18,448,45,2026-03-13 11:27:51.342064
1267,44,137,86,2026-03-13 11:27:51.342067
1267,20,439,59,2026-03-13 11:27:51.342070
1267,83,155,100,2026-03-13 11:27:51.342073
1267,54,429,24,2026-03-13 11:27:51.342079
1268,98,473,40,2026-03-13 11:27:51.342111
1268,43,398,67,2026-03-13 11:27:51.342115
1268,59,317,56,2026-03-13 11:27:51.342117
1268,7,251,94,2026-03-13 11:27:51.342120
1268,36,164,58,2026-03-13 11:27:51.342123
1269,35,410,59,2026-03-13 11:27:51.342155
1269,6,92,88,2026-03-13 11:27:51.342158
1269,61,161,28,2026-03-13 11:27:51.342160
1269,77,321,10,2026-03-13 11:27:51.342163
1269,24,353,63,2026-03-13 11:27:51.342167
1270,28,69,18,2026-03-13 11:27:51.342198
1270,11,186,24,2026-03-13 11:27:51.342201
1270,83,191,35,2026-03-13 11:27:51.342204
1270,31,165,91,2026-03-13 11:27:51.342207
1270,61,191,65,2026-03-13 11:27:51.342210
1271,56,190,37,2026-03-13 11:27:51.342241
1271,16,204,48,2026-03-13 11:27:51.342245
1271,97,436,18,2026-03-13 11:27:51.342248
1271,31,73,48,2026-03-13 11:27:51.342250
1271,12,42,30,2026-03-13 11:27:51.342253
1272,87,416,35,2026-03-13 11:27:51.342284
1272,58,285,55,2026-03-13 11:27:51.342287
1272,44,471,68,2026-03-13 11:27:51.342290
1272,83,325,31,2026-03-13 11:27:51.342293
1272,41,100,71,2026-03-13 11:27:51.342296
1273,58,99,81,2026-03-13 11:27:51.342327
1273,29,184,71,2026-03-13 11:27:51.342330
1273,60,484,95,2026-03-13 11:27:51.342333
1273,84,361,31,2026-03-13 11:27:51.342336
1273,99,323,85,2026-03-13 11:27:51.342339
1274,62,189,11,2026-03-13 11:27:51.342370
1274,86,374,73,2026-03-13 11:27:51.342373
1274,51,235,19,2026-03-13 11:27:51.342376
1274,47,303,84,2026-03-13 11:27:51.342379
1274,48,252,47,2026-03-13 11:27:51.342382
1275,74,221,14,2026-03-13 11:27:51.342413
1275,49,264,16,2026-03-13 11:27:51.342416
1275,70,185,64,2026-03-13 11:27:51.342419
1275,34,60,21,2026-03-13 11:27:51.342422
1275,55,474,51,2026-03-13 11:27:51.342428
1276,46,414,75,2026-03-13 11:27:51.342459
1276,7,280,68,2026-03-13 11:27:51.342462
1276,45,120,49,2026-03-13 11:27:51.342468
1276,87,460,50,2026-03-13 11:27:51.342471
1276,90,493,66,2026-03-13 11:27:51.342474
1277,91,415,47,2026-03-13 11:27:51.342505
1277,65,424,92,2026-03-13 11:27:51.342508
1277,66,470,39,2026-03-13 11:27:51.342511
1277,63,185,73,2026-03-13 11:27:51.342513
1277,88,8,10,2026-03-13 11:27:51.342517
1278,53,387,99,2026-03-13 11:27:51.342548
1278,28,434,32,2026-03-13 11:27:51.342551
1278,93,163,22,2026-03-13 11:27:51.342553
1278,16,135,20,2026-03-13 11:27:51.342556
1278,36,455,27,2026-03-13 11:27:51.342559
1279,25,134,51,2026-03-13 11:27:51.342601
1279,47,217,98,2026-03-13 11:27:51.342605
1279,99,4,58,2026-03-13 11:27:51.342608
1279,74,200,38,2026-03-13 11:27:51.342611
1279,81,403,74,2026-03-13 11:27:51.342614
1280,31,202,19,2026-03-13 11:27:51.342646
1280,41,0,50,2026-03-13 11:27:51.342649
1280,8,113,96,2026-03-13 11:27:51.342652
1280,55,309,87,2026-03-13 11:27:51.342655
1280,64,306,38,2026-03-13 11:27:51.342658
1281,41,442,71,2026-03-13 11:27:51.342690
1281,4,464,74,2026-03-13 11:27:51.342693
1281,33,155,18,2026-03-13 11:27:51.342696
1281,43,398,100,2026-03-13 11:27:51.342699
1281,45,152,55,2026-03-13 11:27:51.342701
1282,93,246,14,2026-03-13 11:27:51.342733
1282,81,123,20,2026-03-13 11:27:51.342736
1282,37,197,15,2026-03-13 11:27:51.342739
1282,97,252,96,2026-03-13 11:27:51.342742
1282,17,448,28,2026-03-13 11:27:51.342745
1283,71,118,15,2026-03-13 11:27:51.342775
1283,2,165,99,2026-03-13 11:27:51.342778
1283,4,368,82,2026-03-13 11:27:51.342781
1283,47,187,32,2026-03-13 11:27:51.342784
1283,40,498,46,2026-03-13 11:27:51.342787
1284,8,173,93,2026-03-13 11:27:51.342818
1284,95,452,49,2026-03-13 11:27:51.342821
1284,90,49,51,2026-03-13 11:27:51.342824
1284,40,51,93,2026-03-13 11:27:51.342827
1284,55,46,25,2026-03-13 11:27:51.342829
1285,45,429,92,2026-03-13 11:27:51.342864
1285,4,94,66,2026-03-13 11:27:51.342867
1285,18,288,12,2026-03-13 11:27:51.342870
1285,98,164,39,2026-03-13 11:27:51.342873
1285,19,148,10,2026-03-13 11:27:51.342876
1286,74,97,64,2026-03-13 11:27:51.342906
1286,85,394,10,2026-03-13 11:27:51.342909
1286,3,98,92,2026-03-13 11:27:51.342912
1286,33,109,65,2026-03-13 11:27:51.342915
1286,57,372,89,2026-03-13 11:27:51.342918
1287,68,95,32,2026-03-13 11:27:51.342949
1287,81,77,55,2026-03-13 11:27:51.342952
1287,84,210,69,2026-03-13 11:27:51.342955
1287,12,98,23,2026-03-13 11:27:51.342958
1287,44,67,93,2026-03-13 11:27:51.342961
1288,32,145,19,2026-03-13 11:27:51.342994
1288,31,167,41,2026-03-13 11:27:51.342997
1288,14,222,42,2026-03-13 11:27:51.343000
1288,87,266,44,2026-03-13 11:27:51.343003
1288,55,85,15,2026-03-13 11:27:51.343006
1289,78,320,61,2026-03-13 11:27:51.343042
1289,16,168,15,2026-03-13 11:27:51.343045
1289,88,30,90,2026-03-13 11:27:51.343048
1289,57,360,71,2026-03-13 11:27:51.343051
1289,4,253,64,2026-03-13 11:27:51.343054
1290,80,296,78,2026-03-13 11:27:51.343085
1290,67,323,53,2026-03-13 11:27:51.343088
1290,33,229,72,2026-03-13 11:27:51.343091
1290,85,131,77,2026-03-13 11:27:51.343094
1290,37,152,33,2026-03-13 11:27:51.343097
1291,20,450,56,2026-03-13 11:27:51.343129
1291,50,266,55,2026-03-13 11:27:51.343132
1291,9,198,66,2026-03-13 11:27:51.343135
1291,12,438,28,2026-03-13 11:27:51.343138
1291,65,335,24,2026-03-13 11:27:51.343141
1292,61,176,20,2026-03-13 11:27:51.343172
1292,96,247,37,2026-03-13 11:27:51.343175
1292,56,284,45,2026-03-13 11:27:51.343178
1292,85,469,13,2026-03-13 11:27:51.343181
1292,28,250,75,2026-03-13 11:27:51.343184
1293,59,399,10,2026-03-13 11:27:51.343215
1293,8,94,96,2026-03-13 11:27:51.343218
1293,31,134,34,2026-03-13 11:27:51.343223
1293,18,146,59,2026-03-13 11:27:51.343226
1293,15,136,39,2026-03-13 11:27:51.343229
1294,17,224,24,2026-03-13 11:27:51.343260
1294,81,288,62,2026-03-13 11:27:51.343264
1294,75,372,47,2026-03-13 11:27:51.343267
1294,62,194,19,2026-03-13 11:27:51.343270
1294,74,98,87,2026-03-13 11:27:51.343273
1295,9,59,16,2026-03-13 11:27:51.343303
1295,15,454,89,2026-03-13 11:27:51.343306
1295,10,352,80,2026-03-13 11:27:51.343309
1295,91,473,41,2026-03-13 11:27:51.343312
1295,94,186,49,2026-03-13 11:27:51.343315
1296,74,416,66,2026-03-13 11:27:51.343347
1296,35,149,55,2026-03-13 11:27:51.343349
1296,37,191,87,2026-03-13 11:27:51.343352
1296,73,231,53,2026-03-13 11:27:51.343355
1296,95,480,16,2026-03-13 11:27:51.343358
1297,56,180,32,2026-03-13 11:27:51.343389
1297,57,392,54,2026-03-13 11:27:51.343392
1297,26,304,11,2026-03-13 11:27:51.343395
1297,90,355,49,2026-03-13 11:27:51.343398
1297,35,439,17,2026-03-13 11:27:51.343401
1298,16,56,95,2026-03-13 11:27:51.343432
1298,9,375,85,2026-03-13 11:27:51.343438
1298,14,76,36,2026-03-13 11:27:51.343440
1298,57,431,75,2026-03-13 11:27:51.343444
1298,28,192,77,2026-03-13 11:27:51.343447
1299,71,28,76,2026-03-13 11:27:51.343478
1299,93,127,77,2026-03-13 11:27:51.343481
1299,12,276,29,2026-03-13 11:27:51.343484
1299,52,404,44,2026-03-13 11:27:51.343487
1299,99,62,48,2026-03-13 11:27:51.343490
1300,58,421,54,2026-03-13 11:27:51.343521
1300,84,365,15,2026-03-13 11:27:51.343524
1300,54,196,16,2026-03-13 11:27:51.343527
1300,29,131,61,2026-03-13 11:27:51.343529
1300,10,323,78,2026-03-13 11:27:51.343532
1301,13,377,94,2026-03-13 11:27:51.343567
1301,45,230,22,2026-03-13 11:27:51.343570
1301,27,271,90,2026-03-13 11:27:51.343573
1301,71,23,28,2026-03-13 11:27:51.343576
1301,2,250,36,2026-03-13 11:27:51.343591
1302,66,455,33,2026-03-13 11:27:51.343625
1302,52,171,30,2026-03-13 11:27:51.343628
1302,89,500,27,2026-03-13 11:27:51.343631
1302,8,148,21,2026-03-13 11:27:51.343634
1302,92,222,85,2026-03-13 11:27:51.343637
1303,13,406,12,2026-03-13 11:27:51.343668
1303,79,337,32,2026-03-13 11:27:51.343671
1303,72,488,70,2026-03-13 11:27:51.343674
1303,58,488,50,2026-03-13 11:27:51.343677
1303,65,183,25,2026-03-13 11:27:51.343680
1304,15,218,94,2026-03-13 11:27:51.343721
1304,62,423,49,2026-03-13 11:27:51.343724
1304,64,200,37,2026-03-13 11:27:51.343727
1304,39,255,95,2026-03-13 11:27:51.343730
1304,58,438,43,2026-03-13 11:27:51.343733
1305,8,213,30,2026-03-13 11:27:51.343764
1305,41,472,32,2026-03-13 11:27:51.343767
1305,7,270,99,2026-03-13 11:27:51.343770
1305,52,364,60,2026-03-13 11:27:51.343773
1305,30,96,77,2026-03-13 11:27:51.343776
1306,9,64,40,2026-03-13 11:27:51.343807
1306,59,483,84,2026-03-13 11:27:51.343810
1306,58,242,74,2026-03-13 11:27:51.343813
1306,3,95,54,2026-03-13 11:27:51.343816
1306,70,325,83,2026-03-13 11:27:51.343819
1307,98,34,41,2026-03-13 11:27:51.343850
1307,63,352,31,2026-03-13 11:27:51.343853
1307,36,285,54,2026-03-13 11:27:51.343856
1307,82,102,52,2026-03-13 11:27:51.343859
1307,86,241,58,2026-03-13 11:27:51.343862
1308,52,333,69,2026-03-13 11:27:51.343893
1308,4,484,20,2026-03-13 11:27:51.343896
1308,61,344,75,2026-03-13 11:27:51.343899
1308,36,237,66,2026-03-13 11:27:51.343902
1308,100,264,64,2026-03-13 11:27:51.343905
1309,86,467,85,2026-03-13 11:27:51.343936
1309,39,207,16,2026-03-13 11:27:51.343939
1309,22,250,44,2026-03-13 11:27:51.343942
1309,45,389,23,2026-03-13 11:27:51.343945
1309,32,440,94,2026-03-13 11:27:51.343948
1310,41,44,44,2026-03-13 11:27:51.343979
1310,78,34,26,2026-03-13 11:27:51.343982
1310,9,291,19,2026-03-13 11:27:51.343988
1310,3,47,30,2026-03-13 11:27:51.343991
1310,69,121,12,2026-03-13 11:27:51.343994
1311,98,187,18,2026-03-13 11:27:51.344025
1311,16,294,86,2026-03-13 11:27:51.344028
1311,84,40,93,2026-03-13 11:27:51.344031
1311,37,7,59,2026-03-13 11:27:51.344039
1311,72,220,49,2026-03-13 11:27:51.344042
1312,21,420,77,2026-03-13 11:27:51.344074
1312,78,477,31,2026-03-13 11:27:51.344077
1312,81,257,37,2026-03-13 11:27:51.344080
1312,97,74,91,2026-03-13 11:27:51.344083
1312,66,122,26,2026-03-13 11:27:51.344086
1313,5,12,48,2026-03-13 11:27:51.344117
1313,16,271,39,2026-03-13 11:27:51.344120
1313,90,127,99,2026-03-13 11:27:51.344123
1313,94,258,52,2026-03-13 11:27:51.344126
1313,88,139,91,2026-03-13 11:27:51.344129
1314,87,229,72,2026-03-13 11:27:51.344166
1314,57,343,26,2026-03-13 11:27:51.344169
1314,79,362,91,2026-03-13 11:27:51.344172
1314,63,402,75,2026-03-13 11:27:51.344175
1314,100,357,97,2026-03-13 11:27:51.344178
1315,25,17,95,2026-03-13 11:27:51.344209
1315,28,7,42,2026-03-13 11:27:51.344212
1315,44,92,61,2026-03-13 11:27:51.344215
1315,37,349,73,2026-03-13 11:27:51.344218
1315,31,86,42,2026-03-13 11:27:51.344221
1316,31,155,53,2026-03-13 11:27:51.344251
1316,3,161,90,2026-03-13 11:27:51.344254
1316,86,407,33,2026-03-13 11:27:51.344257
1316,29,51,45,2026-03-13 11:27:51.344260
1316,12,39,22,2026-03-13 11:27:51.344263
1317,33,0,72,2026-03-13 11:27:51.344294
1317,54,402,13,2026-03-13 11:27:51.344298
1317,17,268,84,2026-03-13 11:27:51.344301
1317,27,462,59,2026-03-13 11:27:51.344304
1317,26,266,99,2026-03-13 11:27:51.344307
1318,46,423,98,2026-03-13 11:27:51.344338
1318,82,485,80,2026-03-13 11:27:51.344341
1318,99,398,44,2026-03-13 11:27:51.344344
1318,13,92,85,2026-03-13 11:27:51.344347
1318,39,49,95,2026-03-13 11:27:51.344350
1319,80,244,94,2026-03-13 11:27:51.344384
1319,5,491,19,2026-03-13 11:27:51.344387
1319,2,416,67,2026-03-13 11:27:51.344390
1319,75,74,38,2026-03-13 11:27:51.344393
1319,65,-5,28,2026-03-13 11:27:51.344396
1320,59,63,99,2026-03-13 11:27:51.344427
1320,54,62,77,2026-03-13 11:27:51.344430
1320,44,305,37,2026-03-13 11:27:51.344433
1320,66,68,71,2026-03-13 11:27:51.344436
1320,87,159,64,2026-03-13 11:27:51.344439
1321,18,123,75,2026-03-13 11:27:51.344470
1321,42,243,85,2026-03-13 11:27:51.344473
1321,22,219,46,2026-03-13 11:27:51.344476
1321,51,375,96,2026-03-13 11:27:51.344479
1321,95,224,87,2026-03-13 11:27:51.344482
1322,56,289,74,2026-03-13 11:27:51.344513
1322,93,287,75,2026-03-13 11:27:51.344516
1322,62,154,62,2026-03-13 11:27:51.344519
1322,78,378,59,2026-03-13 11:27:51.344522
1322,16,110,33,2026-03-13 11:27:51.344525
1323,87,421,22,2026-03-13 11:27:51.344556
1323,78,293,64,2026-03-13 11:27:51.344559
1323,86,435,13,2026-03-13 11:27:51.344562
1323,61,230,76,2026-03-13 11:27:51.344566
1323,73,346,29,2026-03-13 11:27:51.344568
1324,65,326,15,2026-03-13 11:27:51.344610
1324,54,450,77,2026-03-13 11:27:51.344613
1324,85,148,11,2026-03-13 11:27:51.344616
1324,86,89,39,2026-03-13 11:27:51.344619
1324,44,358,40,2026-03-13 11:27:51.344622
1325,40,199,49,2026-03-13 11:27:51.344653
1325,41,218,14,2026-03-13 11:27:51.344656
1325,20,34,83,2026-03-13 11:27:51.344659
1325,69,374,77,2026-03-13 11:27:51.344662
1325,9,85,23,2026-03-13 11:27:51.344665
1326,10,254,53,2026-03-13 11:27:51.344696
1326,79,313,58,2026-03-13 11:27:51.344699
1326,46,242,55,2026-03-13 11:27:51.344702
1326,89,447,49,2026-03-13 11:27:51.344705
1326,16,428,95,2026-03-13 11:27:51.344711
1327,72,445,53,2026-03-13 11:27:51.344743
1327,83,322,91,2026-03-13 11:27:51.344746
1327,1,353,46,2026-03-13 11:27:51.344751
1327,39,209,54,2026-03-13 11:27:51.344754
1327,58,227,31,2026-03-13 11:27:51.344757
1328,23,212,22,2026-03-13 11:27:51.344788
1328,40,349,19,2026-03-13 11:27:51.344791
1328,53,438,37,2026-03-13 11:27:51.344794
1328,39,305,51,2026-03-13 11:27:51.344797
1328,38,371,22,2026-03-13 11:27:51.344800
1329,73,17,77,2026-03-13 11:27:51.344831
1329,3,160,52,2026-03-13 11:27:51.344834
1329,33,247,21,2026-03-13 11:27:51.344837
1329,39,493,96,2026-03-13 11:27:51.344840
1329,24,243,19,2026-03-13 11:27:51.344843
1330,7,281,55,2026-03-13 11:27:51.344874
1330,60,60,42,2026-03-13 11:27:51.344877
1330,35,348,27,2026-03-13 11:27:51.344880
1330,24,273,15,2026-03-13 11:27:51.344883
1330,94,360,11,2026-03-13 11:27:51.344886
1331,49,244,73,2026-03-13 11:27:51.344917
1331,77,112,64,2026-03-13 11:27:51.344920
1331,44,336,77,2026-03-13 11:27:51.344923
1331,15,198,47,2026-03-13 11:27:51.344926
1331,41,341,88,2026-03-13 11:27:51.344929
1332,3,64,82,2026-03-13 11:27:51.344960
1332,12,416,75,2026-03-13 11:27:51.344963
1332,9,428,11,2026-03-13 11:27:51.344966
1332,4,23,98,2026-03-13 11:27:51.344969
1332,45,257,29,2026-03-13 11:27:51.344972
1333,79,109,54,2026-03-13 11:27:51.345003
1333,75,326,61,2026-03-13 11:27:51.345008
1333,13,193,60,2026-03-13 11:27:51.345011
1333,54,99,50,2026-03-13 11:27:51.345013
1333,22,40,84,2026-03-13 11:27:51.345017
1334,21,35,40,2026-03-13 11:27:51.345063
1334,86,246,83,2026-03-13 11:27:51.345066
1334,29,487,58,2026-03-13 11:27:51.345070
1334,53,198,62,2026-03-13 11:27:51.345073
1334,82,361,38,2026-03-13 11:27:51.345076
1335,30,205,97,2026-03-13 11:27:51.345107
1335,51,27,28,2026-03-13 11:27:51.345110
1335,41,121,98,2026-03-13 11:27:51.345113
1335,91,416,23,2026-03-13 11:27:51.345116
1335,22,411,97,2026-03-13 11:27:51.345125
1336,44,380,73,2026-03-13 11:27:51.345157
1336,36,21,39,2026-03-13 11:27:51.345160
1336,78,76,92,2026-03-13 11:27:51.345163
1336,68,270,48,2026-03-13 11:27:51.345166
1336,28,373,57,2026-03-13 11:27:51.345170
1337,61,294,89,2026-03-13 11:27:51.345201
1337,98,388,99,2026-03-13 11:27:51.345204
1337,96,138,55,2026-03-13 11:27:51.345207
1337,99,483,40,2026-03-13 11:27:51.345210
1337,25,64,56,2026-03-13 11:27:51.345213
1338,65,118,78,2026-03-13 11:27:51.345245
1338,98,217,88,2026-03-13 11:27:51.345248
1338,43,352,44,2026-03-13 11:27:51.345251
1338,28,445,48,2026-03-13 11:27:51.345254
1338,67,491,39,2026-03-13 11:27:51.345257
1339,93,353,46,2026-03-13 11:27:51.345291
1339,17,144,34,2026-03-13 11:27:51.345294
1339,32,29,78,2026-03-13 11:27:51.345297
1339,25,53,92,2026-03-13 11:27:51.345300
1339,24,491,43,2026-03-13 11:27:51.345303
1340,44,496,26,2026-03-13 11:27:51.345335
1340,56,117,100,2026-03-13 11:27:51.345338
1340,82,310,77,2026-03-13 11:27:51.345341
1340,71,58,63,2026-03-13 11:27:51.345344
1340,75,350,45,2026-03-13 11:27:51.345347
1341,40,170,11,2026-03-13 11:27:51.345379
1341,23,330,24,2026-03-13 11:27:51.345382
1341,12,120,62,2026-03-13 11:27:51.345385
1341,3,444,17,2026-03-13 11:27:51.345388
1341,28,249,66,2026-03-13 11:27:51.345391
1342,27,365,23,2026-03-13 11:27:51.345422
1342,4,19,86,2026-03-13 11:27:51.345425
1342,97,302,21,2026-03-13 11:27:51.345428
1342,34,255,76,2026-03-13 11:27:51.345431
1342,49,362,21,2026-03-13 11:27:51.345434
1343,16,428,10,2026-03-13 11:27:51.345464
1343,15,1,65,2026-03-13 11:27:51.345467
1343,85,140,21,2026-03-13 11:27:51.345470
1343,50,216,22,2026-03-13 11:27:51.345473
1343,74,49,27,2026-03-13 11:27:51.345476
1344,83,491,89,2026-03-13 11:27:51.345507
1344,29,183,69,2026-03-13 11:27:51.345510
1344,84,290,81,2026-03-13 11:27:51.345516
1344,10,45,21,2026-03-13 11:27:51.345519
1344,54,315,22,2026-03-13 11:27:51.345522
1345,77,85,79,2026-03-13 11:27:51.345553
1345,61,440,35,2026-03-13 11:27:51.345556
1345,62,72,36,2026-03-13 11:27:51.345559
1345,8,470,87,2026-03-13 11:27:51.345562
1345,15,412,14,2026-03-13 11:27:51.345565
1346,71,241,68,2026-03-13 11:27:51.345607
1346,35,45,72,2026-03-13 11:27:51.345610
1346,53,73,17,2026-03-13 11:27:51.345613
1346,87,286,29,2026-03-13 11:27:51.345616
1346,13,127,93,2026-03-13 11:27:51.345619
1347,99,313,73,2026-03-13 11:27:51.345651
1347,24,86,81,2026-03-13 11:27:51.345654
1347,25,366,23,2026-03-13 11:27:51.345657
1347,11,463,36,2026-03-13 11:27:51.345660
1347,15,-5,64,2026-03-13 11:27:51.345663
1348,20,299,50,2026-03-13 11:27:51.345694
1348,37,286,78,2026-03-13 11:27:51.345697
1348,9,413,29,2026-03-13 11:27:51.345700
1348,41,486,52,2026-03-13 11:27:51.345703
1348,51,107,61,2026-03-13 11:27:51.345706
1349,100,308,15,2026-03-13 11:27:51.345787
1349,72,484,70,2026-03-13 11:27:51.345790
1349,41,236,77,2026-03-13 11:27:51.345793
1349,44,223,55,2026-03-13 11:27:51.345796
1349,15,152,42,2026-03-13 11:27:51.345799
1350,26,84,62,2026-03-13 11:27:51.345831
1350,7,435,11,2026-03-13 11:27:51.345834
1350,71,401,18,2026-03-13 11:27:51.345837
1350,24,204,42,2026-03-13 11:27:51.345840
1350,51,223,68,2026-03-13 11:27:51.345843
1351,29,152,20,2026-03-13 11:27:51.345875
1351,62,267,32,2026-03-13 11:27:51.345878
1351,85,498,10,2026-03-13 11:27:51.345881
1351,93,64,18,2026-03-13 11:27:51.345884
1351,24,75,100,2026-03-13 11:27:51.345887
1352,61,60,22,2026-03-13 11:27:51.345920
1352,22,189,44,2026-03-13 11:27:51.345923
1352,41,388,82,2026-03-13 11:27:51.345927
1352,32,98,37,2026-03-13 11:27:51.345930
1352,43,61,58,2026-03-13 11:27:51.345933
1353,40,52,16,2026-03-13 11:27:51.345989
1353,7,332,28,2026-03-13 11:27:51.345992
1353,37,483,77,2026-03-13 11:27:51.345995
1353,57,447,26,2026-03-13 11:27:51.345998
1353,31,420,60,2026-03-13 11:27:51.346002
1354,71,396,81,2026-03-13 11:27:51.346041
1354,56,276,89,2026-03-13 11:27:51.346044
1354,83,399,40,2026-03-13 11:27:51.346047
1354,42,277,96,2026-03-13 11:27:51.346050
1354,68,445,22,2026-03-13 11:27:51.346053
1355,42,449,62,2026-03-13 11:27:51.346085
1355,13,192,53,2026-03-13 11:27:51.346088
1355,4,213,41,2026-03-13 11:27:51.346091
1355,86,201,28,2026-03-13 11:27:51.346094
1355,2,393,86,2026-03-13 11:27:51.346097
1356,77,412,74,2026-03-13 11:27:51.346128
1356,76,5,33,2026-03-13 11:27:51.346131
1356,69,24,66,2026-03-13 11:27:51.346134
1356,36,157,60,2026-03-13 11:27:51.346137
1356,52,175,58,2026-03-13 11:27:51.346140
1357,76,267,27,2026-03-13 11:27:51.346171
1357,16,128,18,2026-03-13 11:27:51.346174
1357,8,349,19,2026-03-13 11:27:51.346177
1357,17,396,94,2026-03-13 11:27:51.346180
1357,22,221,19,2026-03-13 11:27:51.346184
1358,49,343,97,2026-03-13 11:27:51.346215
1358,82,376,55,2026-03-13 11:27:51.346218
1358,14,403,83,2026-03-13 11:27:51.346221
1358,38,156,14,2026-03-13 11:27:51.346224
1358,91,200,56,2026-03-13 11:27:51.346227
1359,94,31,61,2026-03-13 11:27:51.346258
1359,7,9,85,2026-03-13 11:27:51.346260
1359,89,261,68,2026-03-13 11:27:51.346263
1359,56,176,32,2026-03-13 11:27:51.346266
1359,95,417,37,2026-03-13 11:27:51.346269
1360,54,306,74,2026-03-13 11:27:51.346302
1360,45,200,61,2026-03-13 11:27:51.346305
1360,76,267,64,2026-03-13 11:27:51.346308
1360,90,402,36,2026-03-13 11:27:51.346311
1360,27,271,80,2026-03-13 11:27:51.346314
1361,75,328,66,2026-03-13 11:27:51.346346
1361,43,266,26,2026-03-13 11:27:51.346350
1361,56,374,30,2026-03-13 11:27:51.346357
1361,9,239,39,2026-03-13 11:27:51.346359
1361,15,38,84,2026-03-13 11:27:51.346362
1362,34,63,96,2026-03-13 11:27:51.346394
1362,58,231,40,2026-03-13 11:27:51.346397
1362,70,232,13,2026-03-13 11:27:51.346400
1362,7,139,57,2026-03-13 11:27:51.346403
1362,88,442,91,2026-03-13 11:27:51.346406
1363,52,395,86,2026-03-13 11:27:51.346438
1363,53,490,91,2026-03-13 11:27:51.346441
1363,34,70,56,2026-03-13 11:27:51.346444
1363,42,312,70,2026-03-13 11:27:51.346447
1363,27,459,60,2026-03-13 11:27:51.346450
1364,38,466,80,2026-03-13 11:27:51.346481
1364,35,307,68,2026-03-13 11:27:51.346485
1364,30,385,54,2026-03-13 11:27:51.346488
1364,36,362,60,2026-03-13 11:27:51.346491
1364,74,329,68,2026-03-13 11:27:51.346494
1365,34,124,28,2026-03-13 11:27:51.346529
1365,63,306,11,2026-03-13 11:27:51.346533
1365,35,32,16,2026-03-13 11:27:51.346535
1365,86,219,77,2026-03-13 11:27:51.346538
1365,64,402,21,2026-03-13 11:27:51.346542
1366,29,256,51,2026-03-13 11:27:51.346573
1366,28,253,14,2026-03-13 11:27:51.346576
1366,23,143,76,2026-03-13 11:27:51.346579
1366,9,500,56,2026-03-13 11:27:51.346591
1366,58,357,81,2026-03-13 11:27:51.346594
1367,58,85,45,2026-03-13 11:27:51.346627
1367,93,455,49,2026-03-13 11:27:51.346630
1367,59,124,19,2026-03-13 11:27:51.346633
1367,83,364,42,2026-03-13 11:27:51.346636
1367,57,371,43,2026-03-13 11:27:51.346639
1368,76,360,50,2026-03-13 11:27:51.346670
1368,90,477,35,2026-03-13 11:27:51.346673
1368,60,433,19,2026-03-13 11:27:51.346676
1368,81,271,18,2026-03-13 11:27:51.346679
1368,31,420,77,2026-03-13 11:27:51.346682
1369,88,68,81,2026-03-13 11:27:51.346713
1369,59,212,22,2026-03-13 11:27:51.346716
1369,64,32,39,2026-03-13 11:27:51.346719
1369,91,376,12,2026-03-13 11:27:51.346725
1369,97,242,77,2026-03-13 11:27:51.346730
1370,81,185,69,2026-03-13 11:27:51.346762
1370,77,435,22,2026-03-13 11:27:51.346765
1370,70,391,20,2026-03-13 11:27:51.346768
1370,86,278,94,2026-03-13 11:27:51.346771
1370,75,334,82,2026-03-13 11:27:51.346774
1371,82,475,81,2026-03-13 11:27:51.346805
1371,43,346,52,2026-03-13 11:27:51.346808
1371,3,471,51,2026-03-13 11:27:51.346811
1371,87,109,32,2026-03-13 11:27:51.346814
1371,79,182,56,2026-03-13 11:27:51.346817
1372,51,393,38,2026-03-13 11:27:51.346848
1372,71,402,48,2026-03-13 11:27:51.346851
1372,59,413,43,2026-03-13 11:27:51.346854
1372,91,68,63,2026-03-13 11:27:51.346857
1372,79,109,12,2026-03-13 11:27:51.346860
1373,90,28,48,2026-03-13 11:27:51.346891
1373,17,435,65,2026-03-13 11:27:51.346894
1373,13,208,11,2026-03-13 11:27:51.346897
1373,18,188,58,2026-03-13 11:27:51.346900
1373,41,247,55,2026-03-13 11:27:51.346903
1374,71,299,89,2026-03-13 11:27:51.346934
1374,20,55,71,2026-03-13 11:27:51.346937
1374,2,455,48,2026-03-13 11:27:51.346940
1374,88,140,91,2026-03-13 11:27:51.346943
1374,60,421,73,2026-03-13 11:27:51.346946
1375,21,365,92,2026-03-13 11:27:51.346978
1375,49,59,43,2026-03-13 11:27:51.346980
1375,79,484,13,2026-03-13 11:27:51.346983
1375,60,437,21,2026-03-13 11:27:51.346986
1375,15,303,10,2026-03-13 11:27:51.346989
1376,30,200,81,2026-03-13 11:27:51.347020
1376,79,386,73,2026-03-13 11:27:51.347023
1376,7,469,60,2026-03-13 11:27:51.347026
1376,26,316,76,2026-03-13 11:27:51.347029
1376,6,64,89,2026-03-13 11:27:51.347032
1377,99,69,33,2026-03-13 11:27:51.347068
1377,67,495,81,2026-03-13 11:27:51.347071
1377,46,461,71,2026-03-13 11:27:51.347074
1377,89,114,52,2026-03-13 11:27:51.347077
1377,17,131,69,2026-03-13 11:27:51.347083
1378,88,15,68,2026-03-13 11:27:51.347115
1378,77,21,33,2026-03-13 11:27:51.347118
1378,4,203,12,2026-03-13 11:27:51.347126
1378,96,120,11,2026-03-13 11:27:51.347129
1378,59,399,31,2026-03-13 11:27:51.347133
1379,34,448,16,2026-03-13 11:27:51.347164
1379,51,128,25,2026-03-13 11:27:51.347167
1379,64,482,64,2026-03-13 11:27:51.347170
1379,93,479,63,2026-03-13 11:27:51.347173
1379,59,222,30,2026-03-13 11:27:51.347176
1380,78,449,27,2026-03-13 11:27:51.347207
1380,85,76,32,2026-03-13 11:27:51.347210
1380,59,254,31,2026-03-13 11:27:51.347213
1380,13,480,15,2026-03-13 11:27:51.347216
1380,43,301,38,2026-03-13 11:27:51.347219
1381,24,384,49,2026-03-13 11:27:51.347250
1381,8,452,92,2026-03-13 11:27:51.347253
1381,18,440,12,2026-03-13 11:27:51.347256
1381,10,28,77,2026-03-13 11:27:51.347259
1381,41,181,61,2026-03-13 11:27:51.347263
1382,55,123,36,2026-03-13 11:27:51.347294
1382,28,487,54,2026-03-13 11:27:51.347297
1382,48,111,97,2026-03-13 11:27:51.347300
1382,58,441,76,2026-03-13 11:27:51.347303
1382,31,33,87,2026-03-13 11:27:51.347305
1383,24,217,77,2026-03-13 11:27:51.347337
1383,19,441,66,2026-03-13 11:27:51.347340
1383,41,171,11,2026-03-13 11:27:51.347343
1383,14,202,17,2026-03-13 11:27:51.347346
1383,15,370,86,2026-03-13 11:27:51.347349
1384,20,20,77,2026-03-13 11:27:51.347380
1384,92,214,45,2026-03-13 11:27:51.347382
1384,79,254,96,2026-03-13 11:27:51.347385
1384,91,246,31,2026-03-13 11:27:51.347388
1384,85,66,30,2026-03-13 11:27:51.347391
1385,19,7,50,2026-03-13 11:27:51.347423
1385,8,468,44,2026-03-13 11:27:51.347426
1385,60,328,71,2026-03-13 11:27:51.347429
1385,31,41,46,2026-03-13 11:27:51.347432
1385,37,6,60,2026-03-13 11:27:51.347435
1386,82,72,59,2026-03-13 11:27:51.347466
1386,90,0,86,2026-03-13 11:27:51.347469
1386,36,474,28,2026-03-13 11:27:51.347472
1386,6,228,61,2026-03-13 11:27:51.347475
1386,25,233,39,2026-03-13 11:27:51.347478
1387,65,278,34,2026-03-13 11:27:51.347511
1387,4,187,73,2026-03-13 11:27:51.347514
1387,7,303,20,2026-03-13 11:27:51.347517
1387,45,338,53,2026-03-13 11:27:51.347520
1387,72,93,57,2026-03-13 11:27:51.347523
1388,64,415,74,2026-03-13 11:27:51.347554
1388,55,320,56,2026-03-13 11:27:51.347557
1388,89,492,58,2026-03-13 11:27:51.347560
1388,85,253,16,2026-03-13 11:27:51.347563
1388,56,340,98,2026-03-13 11:27:51.347566
1389,98,177,34,2026-03-13 11:27:51.347607
1389,94,476,55,2026-03-13 11:27:51.347610
1389,86,163,57,2026-03-13 11:27:51.347613
1389,91,251,96,2026-03-13 11:27:51.347616
1389,55,358,28,2026-03-13 11:27:51.347619
1390,83,498,79,2026-03-13 11:27:51.347653
1390,91,424,71,2026-03-13 11:27:51.347656
1390,31,345,99,2026-03-13 11:27:51.347659
1390,9,272,55,2026-03-13 11:27:51.347662
1390,45,10,11,2026-03-13 11:27:51.347665
1391,90,362,45,2026-03-13 11:27:51.347696
1391,82,1,82,2026-03-13 11:27:51.347699
1391,11,88,79,2026-03-13 11:27:51.347702
1391,40,228,55,2026-03-13 11:27:51.347706
1391,87,281,95,2026-03-13 11:27:51.347709
1392,67,453,90,2026-03-13 11:27:51.347739
1392,39,40,81,2026-03-13 11:27:51.347742
1392,94,442,72,2026-03-13 11:27:51.347745
1392,46,28,22,2026-03-13 11:27:51.347748
1392,76,491,67,2026-03-13 11:27:51.347751
1393,49,444,93,2026-03-13 11:27:51.347782
1393,20,429,79,2026-03-13 11:27:51.347785
1393,51,264,48,2026-03-13 11:27:51.347788
1393,16,136,71,2026-03-13 11:27:51.347791
1393,84,347,21,2026-03-13 11:27:51.347794
1394,27,207,52,2026-03-13 11:27:51.347825
1394,63,86,26,2026-03-13 11:27:51.347828
1394,74,62,59,2026-03-13 11:27:51.347831
1394,84,156,22,2026-03-13 11:27:51.347834
1394,14,410,66,2026-03-13 11:27:51.347837
1395,78,216,44,2026-03-13 11:27:51.347867
1395,12,38,40,2026-03-13 11:27:51.347870
1395,85,306,57,2026-03-13 11:27:51.347876
1395,41,4,51,2026-03-13 11:27:51.347879
1395,69,167,84,2026-03-13 11:27:51.347882
1396,1,49,97,2026-03-13 11:27:51.347913
1396,86,220,65,2026-03-13 11:27:51.347916
1396,27,164,36,2026-03-13 11:27:51.347919
1396,5,376,86,2026-03-13 11:27:51.347922
1396,31,40,20,2026-03-13 11:27:51.347925
1397,66,61,97,2026-03-13 11:27:51.347956
1397,59,118,20,2026-03-13 11:27:51.347959
1397,21,144,61,2026-03-13 11:27:51.347962
1397,36,418,43,2026-03-13 11:27:51.347965
1397,88,194,17,2026-03-13 11:27:51.347968
1398,14,282,90,2026-03-13 11:27:51.347999
1398,83,436,20,2026-03-13 11:27:51.348002
1398,62,381,48,2026-03-13 11:27:51.348005
1398,60,34,13,2026-03-13 11:27:51.348008
1398,10,366,79,2026-03-13 11:27:51.348011
1399,55,210,54,2026-03-13 11:27:51.348047
1399,97,484,30,2026-03-13 11:27:51.348050
1399,30,411,20,2026-03-13 11:27:51.348053
1399,65,349,45,2026-03-13 11:27:51.348056
1399,13,250,80,2026-03-13 11:27:51.348059
1400,60,284,97,2026-03-13 11:27:51.348090
1400,33,419,12,2026-03-13 11:27:51.348093
1400,2,107,30,2026-03-13 11:27:51.348096
1400,42,196,43,2026-03-13 11:27:51.348099
1400,49,8,24,2026-03-13 11:27:51.348103
1401,57,146,92,2026-03-13 11:27:51.348134
1401,11,416,88,2026-03-13 11:27:51.348137
1401,24,400,24,2026-03-13 11:27:51.348140
1401,8,488,27,2026-03-13 11:27:51.348143
1401,78,418,62,2026-03-13 11:27:51.348146
1402,49,165,100,2026-03-13 11:27:51.348177
1402,43,392,13,2026-03-13 11:27:51.348180
1402,7,488,87,2026-03-13 11:27:51.348183
1402,34,170,26,2026-03-13 11:27:51.348186
1402,59,195,60,2026-03-13 11:27:51.348189
1403,61,422,22,2026-03-13 11:27:51.348223
1403,29,377,88,2026-03-13 11:27:51.348226
1403,47,183,37,2026-03-13 11:27:51.348230
1403,41,170,77,2026-03-13 11:27:51.348233
1403,88,1,32,2026-03-13 11:27:51.348238
1404,59,406,60,2026-03-13 11:27:51.348269
1404,36,415,79,2026-03-13 11:27:51.348272
1404,26,125,33,2026-03-13 11:27:51.348275
1404,30,103,82,2026-03-13 11:27:51.348278
1404,20,113,84,2026-03-13 11:27:51.348281
1405,63,170,68,2026-03-13 11:27:51.348312
1405,100,441,32,2026-03-13 11:27:51.348315
1405,95,234,82,2026-03-13 11:27:51.348319
1405,93,308,45,2026-03-13 11:27:51.348322
1405,62,126,49,2026-03-13 11:27:51.348325
1406,49,174,16,2026-03-13 11:27:51.348355
1406,18,81,57,2026-03-13 11:27:51.348358
1406,36,352,45,2026-03-13 11:27:51.348362
1406,59,436,76,2026-03-13 11:27:51.348365
1406,34,103,68,2026-03-13 11:27:51.348368
1407,43,333,79,2026-03-13 11:27:51.348406
1407,96,408,21,2026-03-13 11:27:51.348410
1407,64,345,79,2026-03-13 11:27:51.348413
1407,72,181,51,2026-03-13 11:27:51.348416
1407,91,195,93,2026-03-13 11:27:51.348420
1408,56,387,48,2026-03-13 11:27:51.348451
1408,2,186,53,2026-03-13 11:27:51.348454
1408,74,342,93,2026-03-13 11:27:51.348457
1408,83,320,52,2026-03-13 11:27:51.348460
1408,63,380,75,2026-03-13 11:27:51.348463
1409,13,282,44,2026-03-13 11:27:51.348495
1409,76,330,87,2026-03-13 11:27:51.348498
1409,7,199,88,2026-03-13 11:27:51.348501
1409,69,77,71,2026-03-13 11:27:51.348504
1409,8,387,84,2026-03-13 11:27:51.348507
1410,57,371,51,2026-03-13 11:27:51.348538
1410,14,291,25,2026-03-13 11:27:51.348541
1410,12,109,17,2026-03-13 11:27:51.348544
1410,63,462,71,2026-03-13 11:27:51.348547
1410,58,367,53,2026-03-13 11:27:51.348550
1411,19,2,76,2026-03-13 11:27:51.348590
1411,84,135,38,2026-03-13 11:27:51.348594
1411,78,471,80,2026-03-13 11:27:51.348597
1411,40,152,67,2026-03-13 11:27:51.348600
1411,30,425,46,2026-03-13 11:27:51.348603
1412,95,130,58,2026-03-13 11:27:51.348635
1412,50,285,10,2026-03-13 11:27:51.348638
1412,51,494,95,2026-03-13 11:27:51.348644
1412,55,312,57,2026-03-13 11:27:51.348647
1412,85,31,81,2026-03-13 11:27:51.348650
1413,7,139,68,2026-03-13 11:27:51.348681
1413,3,493,49,2026-03-13 11:27:51.348684
1413,67,468,60,2026-03-13 11:27:51.348687
1413,96,312,88,2026-03-13 11:27:51.348691
1413,44,42,73,2026-03-13 11:27:51.348694
1414,67,476,61,2026-03-13 11:27:51.348725
1414,93,218,10,2026-03-13 11:27:51.348728
1414,58,133,69,2026-03-13 11:27:51.348731
1414,10,302,40,2026-03-13 11:27:51.348734
1414,89,65,97,2026-03-13 11:27:51.348737
1415,100,500,44,2026-03-13 11:27:51.348767
1415,86,270,75,2026-03-13 11:27:51.348771
1415,83,183,71,2026-03-13 11:27:51.348774
1415,72,122,21,2026-03-13 11:27:51.348777
1415,51,366,82,2026-03-13 11:27:51.348780
1416,68,255,11,2026-03-13 11:27:51.348813
1416,4,257,68,2026-03-13 11:27:51.348817
1416,54,228,45,2026-03-13 11:27:51.348820
1416,73,349,39,2026-03-13 11:27:51.348823
1416,76,119,88,2026-03-13 11:27:51.348826
1417,3,483,100,2026-03-13 11:27:51.348857
1417,54,17,22,2026-03-13 11:27:51.348860
1417,9,274,76,2026-03-13 11:27:51.348863
1417,65,151,94,2026-03-13 11:27:51.348865
1417,62,255,94,2026-03-13 11:27:51.348869
1418,11,200,46,2026-03-13 11:27:51.348899
1418,26,179,29,2026-03-13 11:27:51.348902
1418,97,105,59,2026-03-13 11:27:51.348905
1418,10,367,52,2026-03-13 11:27:51.348908
1418,46,392,54,2026-03-13 11:27:51.348911
1419,10,259,70,2026-03-13 11:27:51.348942
1419,74,223,92,2026-03-13 11:27:51.348945
1419,36,421,97,2026-03-13 11:27:51.348948
1419,18,53,82,2026-03-13 11:27:51.348951
1419,49,85,95,2026-03-13 11:27:51.348954
1420,67,416,95,2026-03-13 11:27:51.348985
1420,12,380,58,2026-03-13 11:27:51.348988
1420,47,447,11,2026-03-13 11:27:51.348991
1420,22,101,95,2026-03-13 11:27:51.348994
1420,41,500,46,2026-03-13 11:27:51.348997
1421,21,397,12,2026-03-13 11:27:51.349031
1421,32,389,39,2026-03-13 11:27:51.349041
1421,15,47,35,2026-03-13 11:27:51.349044
1421,91,497,62,2026-03-13 11:27:51.349046
1421,92,460,39,2026-03-13 11:27:51.349050
1422,39,337,72,2026-03-13 11:27:51.349081
1422,99,233,55,2026-03-13 11:27:51.349084
1422,84,481,20,2026-03-13 11:27:51.349087
1422,72,421,19,2026-03-13 11:27:51.349090
1422,18,487,56,2026-03-13 11:27:51.349093
1423,49,390,66,2026-03-13 11:27:51.349123
1423,29,27,42,2026-03-13 11:27:51.349126
1423,12,204,71,2026-03-13 11:27:51.349129
1423,99,498,96,2026-03-13 11:27:51.349132
1423,91,483,58,2026-03-13 11:27:51.349135
1424,43,434,94,2026-03-13 11:27:51.349166
1424,6,33,95,2026-03-13 11:27:51.349169
1424,38,439,71,2026-03-13 11:27:51.349172
1424,56,53,42,2026-03-13 11:27:51.349175
1424,8,84,31,2026-03-13 11:27:51.349178
1425,20,34,69,2026-03-13 11:27:51.349209
1425,39,332,59,2026-03-13 11:27:51.349212
1425,29,265,38,2026-03-13 11:27:51.349215
1425,27,381,63,2026-03-13 11:27:51.349218
1425,61,344,60,2026-03-13 11:27:51.349221
1426,32,256,53,2026-03-13 11:27:51.349252
1426,94,414,21,2026-03-13 11:27:51.349255
1426,80,359,10,2026-03-13 11:27:51.349258
1426,33,68,68,2026-03-13 11:27:51.349261
1426,95,457,24,2026-03-13 11:27:51.349264
1427,59,181,78,2026-03-13 11:27:51.349296
1427,63,126,58,2026-03-13 11:27:51.349299
1427,72,110,66,2026-03-13 11:27:51.349302
1427,43,460,68,2026-03-13 11:27:51.349305
1427,100,437,23,2026-03-13 11:27:51.349308
1428,87,96,15,2026-03-13 11:27:51.349339
1428,95,258,61,2026-03-13 11:27:51.349342
1428,44,115,46,2026-03-13 11:27:51.349345
1428,36,5,83,2026-03-13 11:27:51.349348
1428,15,143,25,2026-03-13 11:27:51.349354
1429,85,438,76,2026-03-13 11:27:51.349386
1429,22,466,71,2026-03-13 11:27:51.349389
1429,28,201,71,2026-03-13 11:27:51.349395
1429,73,259,42,2026-03-13 11:27:51.349398
1429,16,287,61,2026-03-13 11:27:51.349401
1430,38,320,24,2026-03-13 11:27:51.349432
1430,83,339,15,2026-03-13 11:27:51.349435
1430,74,421,36,2026-03-13 11:27:51.349438
1430,58,477,84,2026-03-13 11:27:51.349441
1430,71,76,24,2026-03-13 11:27:51.349444
1431,96,161,83,2026-03-13 11:27:51.349475
1431,60,283,79,2026-03-13 11:27:51.349478
1431,76,51,11,2026-03-13 11:27:51.349481
1431,45,227,14,2026-03-13 11:27:51.349484
1431,3,279,71,2026-03-13 11:27:51.349487
1432,10,197,95,2026-03-13 11:27:51.349517
1432,23,292,75,2026-03-13 11:27:51.349520
1432,44,410,14,2026-03-13 11:27:51.349523
1432,87,29,29,2026-03-13 11:27:51.349526
1432,21,19,25,2026-03-13 11:27:51.349529
1433,87,364,97,2026-03-13 11:27:51.349561
1433,63,445,18,2026-03-13 11:27:51.349564
1433,98,379,11,2026-03-13 11:27:51.349567
1433,45,393,48,2026-03-13 11:27:51.349570
1433,23,455,46,2026-03-13 11:27:51.349573
1434,9,278,46,2026-03-13 11:27:51.349617
1434,21,273,45,2026-03-13 11:27:51.349620
1434,68,70,14,2026-03-13 11:27:51.349623
1434,10,201,43,2026-03-13 11:27:51.349626
1434,55,395,51,2026-03-13 11:27:51.349629
1435,85,106,29,2026-03-13 11:27:51.349661
1435,88,439,73,2026-03-13 11:27:51.349664
1435,83,62,88,2026-03-13 11:27:51.349667
1435,63,195,38,2026-03-13 11:27:51.349670
1435,56,179,51,2026-03-13 11:27:51.349673
1436,88,194,30,2026-03-13 11:27:51.349704
1436,100,196,51,2026-03-13 11:27:51.349707
1436,80,205,44,2026-03-13 11:27:51.349709
1436,93,311,48,2026-03-13 11:27:51.349713
1436,23,401,22,2026-03-13 11:27:51.349716
1437,97,10,31,2026-03-13 11:27:51.349746
1437,40,215,59,2026-03-13 11:27:51.349749
1437,68,69,78,2026-03-13 11:27:51.349752
1437,20,30,69,2026-03-13 11:27:51.349755
1437,39,69,31,2026-03-13 11:27:51.349761
1438,26,323,56,2026-03-13 11:27:51.349793
1438,14,285,58,2026-03-13 11:27:51.349796
1438,84,26,87,2026-03-13 11:27:51.349799
1438,39,370,22,2026-03-13 11:27:51.349802
1438,90,369,95,2026-03-13 11:27:51.349806
1439,82,121,48,2026-03-13 11:27:51.349837
1439,74,249,41,2026-03-13 11:27:51.349840
1439,29,437,69,2026-03-13 11:27:51.349843
1439,65,390,30,2026-03-13 11:27:51.349846
1439,15,179,100,2026-03-13 11:27:51.349849
1440,24,303,50,2026-03-13 11:27:51.349880
1440,60,100,74,2026-03-13 11:27:51.349883
1440,54,329,67,2026-03-13 11:27:51.349886
1440,78,60,33,2026-03-13 11:27:51.349889
1440,81,459,49,2026-03-13 11:27:51.349892
1441,49,350,55,2026-03-13 11:27:51.349928
1441,33,212,21,2026-03-13 11:27:51.349931
1441,50,322,61,2026-03-13 11:27:51.349934
1441,19,319,37,2026-03-13 11:27:51.349937
1441,98,145,62,2026-03-13 11:27:51.349940
1442,59,267,13,2026-03-13 11:27:51.349971
1442,3,241,62,2026-03-13 11:27:51.349974
1442,11,6,64,2026-03-13 11:27:51.349977
1442,56,388,78,2026-03-13 11:27:51.349980
1442,77,109,64,2026-03-13 11:27:51.349983
1443,62,176,61,2026-03-13 11:27:51.350014
1443,41,398,64,2026-03-13 11:27:51.350017
1443,12,304,92,2026-03-13 11:27:51.350020
1443,75,239,68,2026-03-13 11:27:51.350023
1443,53,29,88,2026-03-13 11:27:51.350026
1444,72,139,100,2026-03-13 11:27:51.350062
1444,32,137,97,2026-03-13 11:27:51.350065
1444,11,-5,10,2026-03-13 11:27:51.350068
1444,28,64,46,2026-03-13 11:27:51.350071
1444,14,241,84,2026-03-13 11:27:51.350075
1445,50,12,24,2026-03-13 11:27:51.350106
1445,83,456,47,2026-03-13 11:27:51.350109
1445,74,483,61,2026-03-13 11:27:51.350112
1445,52,472,23,2026-03-13 11:27:51.350115
1445,21,180,87,2026-03-13 11:27:51.350118
1446,1,420,57,2026-03-13 11:27:51.350150
1446,18,258,17,2026-03-13 11:27:51.350153
1446,94,373,90,2026-03-13 11:27:51.350160
1446,85,398,66,2026-03-13 11:27:51.350163
1446,90,277,47,2026-03-13 11:27:51.350166
1447,64,164,12,2026-03-13 11:27:51.350198
1447,3,495,100,2026-03-13 11:27:51.350201
1447,42,385,99,2026-03-13 11:27:51.350204
1447,78,37,15,2026-03-13 11:27:51.350207
1447,43,458,40,2026-03-13 11:27:51.350210
1448,26,320,62,2026-03-13 11:27:51.350241
1448,49,260,77,2026-03-13 11:27:51.350244
1448,51,446,47,2026-03-13 11:27:51.350247
1448,44,79,15,2026-03-13 11:27:51.350250
1448,71,411,93,2026-03-13 11:27:51.350253
1449,25,340,27,2026-03-13 11:27:51.350283
1449,54,153,29,2026-03-13 11:27:51.350286
1449,46,327,24,2026-03-13 11:27:51.350289
1449,40,203,94,2026-03-13 11:27:51.350292
1449,64,324,59,2026-03-13 11:27:51.350295
1450,22,159,24,2026-03-13 11:27:51.350326
1450,52,374,81,2026-03-13 11:27:51.350329
1450,31,342,37,2026-03-13 11:27:51.350332
1450,68,329,17,2026-03-13 11:27:51.350335
1450,25,68,14,2026-03-13 11:27:51.350338
1451,72,376,93,2026-03-13 11:27:51.350369
1451,79,294,100,2026-03-13 11:27:51.350372
1451,56,424,15,2026-03-13 11:27:51.350375
1451,31,402,26,2026-03-13 11:27:51.350378
1451,96,172,80,2026-03-13 11:27:51.350381
1452,46,93,19,2026-03-13 11:27:51.350412
1452,16,272,34,2026-03-13 11:27:51.350416
1452,13,30,76,2026-03-13 11:27:51.350419
1452,43,59,33,2026-03-13 11:27:51.350422
1452,22,-5,69,2026-03-13 11:27:51.350425
1453,7,451,93,2026-03-13 11:27:51.350456
1453,51,223,60,2026-03-13 11:27:51.350459
1453,26,60,76,2026-03-13 11:27:51.350462
1453,67,275,37,2026-03-13 11:27:51.350465
1453,78,90,12,2026-03-13 11:27:51.350468
1454,82,197,37,2026-03-13 11:27:51.350502
1454,54,214,88,2026-03-13 11:27:51.350505
1454,42,148,38,2026-03-13 11:27:51.350507
1454,98,430,29,2026-03-13 11:27:51.350511
1454,11,177,87,2026-03-13 11:27:51.350514
1455,29,170,31,2026-03-13 11:27:51.350548
1455,4,76,37,2026-03-13 11:27:51.350551
1455,49,420,34,2026-03-13 11:27:51.350554
1455,60,191,91,2026-03-13 11:27:51.350557
1455,95,86,31,2026-03-13 11:27:51.350560
1456,94,272,83,2026-03-13 11:27:51.350601
1456,79,104,14,2026-03-13 11:27:51.350605
1456,69,13,73,2026-03-13 11:27:51.350608
1456,25,417,55,2026-03-13 11:27:51.350611
1456,32,118,33,2026-03-13 11:27:51.350614
1457,98,311,23,2026-03-13 11:27:51.350646
1457,13,305,99,2026-03-13 11:27:51.350649
1457,87,308,28,2026-03-13 11:27:51.350652
1457,65,246,33,2026-03-13 11:27:51.350655
1457,93,59,66,2026-03-13 11:27:51.350658
1458,88,233,100,2026-03-13 11:27:51.350689
1458,53,60,80,2026-03-13 11:27:51.350692
1458,94,248,42,2026-03-13 11:27:51.350695
1458,58,11,54,2026-03-13 11:27:51.350698
1458,24,282,93,2026-03-13 11:27:51.350701
1459,42,22,67,2026-03-13 11:27:51.350732
1459,33,147,68,2026-03-13 11:27:51.350735
1459,15,108,37,2026-03-13 11:27:51.350738
1459,16,374,17,2026-03-13 11:27:51.350741
1459,65,326,25,2026-03-13 11:27:51.350744
1460,36,335,86,2026-03-13 11:27:51.350775
1460,70,338,30,2026-03-13 11:27:51.350778
1460,53,99,80,2026-03-13 11:27:51.350781
1460,81,257,24,2026-03-13 11:27:51.350784
1460,47,165,51,2026-03-13 11:27:51.350787
1461,44,133,49,2026-03-13 11:27:51.350818
1461,71,187,75,2026-03-13 11:27:51.350821
1461,80,283,44,2026-03-13 11:27:51.350824
1461,96,9,55,2026-03-13 11:27:51.350827
1461,49,362,99,2026-03-13 11:27:51.350830
1462,53,481,75,2026-03-13 11:27:51.350861
1462,1,146,58,2026-03-13 11:27:51.350864
1462,80,439,66,2026-03-13 11:27:51.350867
1462,27,331,44,2026-03-13 11:27:51.350870
1462,95,421,94,2026-03-13 11:27:51.350873
1463,13,244,99,2026-03-13 11:27:51.350904
1463,19,403,35,2026-03-13 11:27:51.350907
1463,64,257,42,2026-03-13 11:27:51.350913
1463,98,277,89,2026-03-13 11:27:51.350916
1463,59,5,65,2026-03-13 11:27:51.350919
1464,73,44,63,2026-03-13 11:27:51.350950
1464,83,79,17,2026-03-13 11:27:51.350953
1464,29,246,74,2026-03-13 11:27:51.350956
1464,15,25,47,2026-03-13 11:27:51.350959
1464,20,422,73,2026-03-13 11:27:51.350962
1465,46,33,92,2026-03-13 11:27:51.350993
1465,41,259,58,2026-03-13 11:27:51.350996
1465,74,241,71,2026-03-13 11:27:51.350999
1465,76,383,39,2026-03-13 11:27:51.351002
1465,100,212,41,2026-03-13 11:27:51.351005
1466,31,369,11,2026-03-13 11:27:51.351045
1466,88,69,88,2026-03-13 11:27:51.351048
1466,13,116,14,2026-03-13 11:27:51.351051
1466,27,342,12,2026-03-13 11:27:51.351054
1466,89,204,98,2026-03-13 11:27:51.351057
1467,94,24,56,2026-03-13 11:27:51.351094
1467,88,73,75,2026-03-13 11:27:51.351097
1467,84,5,49,2026-03-13 11:27:51.351100
1467,5,463,58,2026-03-13 11:27:51.351103
1467,25,242,18,2026-03-13 11:27:51.351106
1468,3,-5,95,2026-03-13 11:27:51.351137
1468,75,30,69,2026-03-13 11:27:51.351140
1468,79,453,49,2026-03-13 11:27:51.351143
1468,30,389,50,2026-03-13 11:27:51.351146
1468,63,47,22,2026-03-13 11:27:51.351149
1469,97,407,21,2026-03-13 11:27:51.351180
1469,60,347,81,2026-03-13 11:27:51.351183
1469,93,53,66,2026-03-13 11:27:51.351186
1469,49,77,68,2026-03-13 11:27:51.351189
1469,48,220,12,2026-03-13 11:27:51.351192
1470,81,415,26,2026-03-13 11:27:51.351223
1470,21,498,92,2026-03-13 11:27:51.351226
1470,20,241,100,2026-03-13 11:27:51.351229
1470,14,56,58,2026-03-13 11:27:51.351232
1470,19,431,81,2026-03-13 11:27:51.351235
1471,57,467,40,2026-03-13 11:27:51.351266
1471,9,283,22,2026-03-13 11:27:51.351269
1471,59,474,81,2026-03-13 11:27:51.351272
1471,92,194,100,2026-03-13 11:27:51.351275
1471,94,449,30,2026-03-13 11:27:51.351280
1472,27,130,44,2026-03-13 11:27:51.351309
1472,90,54,89,2026-03-13 11:27:51.351312
1472,62,171,57,2026-03-13 11:27:51.351314
1472,22,0,90,2026-03-13 11:27:51.351316
1472,87,342,10,2026-03-13 11:27:51.351319
1473,57,210,46,2026-03-13 11:27:51.351353
1473,95,294,79,2026-03-13 11:27:51.351356
1473,97,463,37,2026-03-13 11:27:51.351359
1473,100,203,37,2026-03-13 11:27:51.351362
1473,60,237,55,2026-03-13 11:27:51.351365
1474,19,96,69,2026-03-13 11:27:51.351396
1474,61,475,37,2026-03-13 11:27:51.351399
1474,15,5,35,2026-03-13 11:27:51.351402
1474,59,444,28,2026-03-13 11:27:51.351405
1474,89,21,43,2026-03-13 11:27:51.351408
1475,59,3,82,2026-03-13 11:27:51.351440
1475,2,497,39,2026-03-13 11:27:51.351443
1475,79,438,72,2026-03-13 11:27:51.351446
1475,28,243,69,2026-03-13 11:27:51.351449
1475,60,211,76,2026-03-13 11:27:51.351452
1476,67,321,20,2026-03-13 11:27:51.351484
1476,77,359,53,2026-03-13 11:27:51.351487
1476,1,317,59,2026-03-13 11:27:51.351490
1476,78,5,15,2026-03-13 11:27:51.351493
1476,14,417,16,2026-03-13 11:27:51.351496
1477,59,381,10,2026-03-13 11:27:51.351527
1477,2,350,13,2026-03-13 11:27:51.351530
1477,1,31,93,2026-03-13 11:27:51.351533
1477,91,51,50,2026-03-13 11:27:51.351536
1477,24,258,58,2026-03-13 11:27:51.351539
1478,1,23,91,2026-03-13 11:27:51.351570
1478,13,177,62,2026-03-13 11:27:51.351573
1478,96,418,36,2026-03-13 11:27:51.351576
1478,12,327,96,2026-03-13 11:27:51.351579
1478,43,320,91,2026-03-13 11:27:51.351598
1479,74,329,66,2026-03-13 11:27:51.351632
1479,34,194,20,2026-03-13 11:27:51.351635
1479,10,273,82,2026-03-13 11:27:51.351638
1479,38,154,91,2026-03-13 11:27:51.351641
1479,91,260,65,2026-03-13 11:27:51.351646
1480,56,259,32,2026-03-13 11:27:51.351678
1480,14,14,55,2026-03-13 11:27:51.351681
1480,74,102,27,2026-03-13 11:27:51.351686
1480,25,33,99,2026-03-13 11:27:51.351689
1480,8,343,44,2026-03-13 11:27:51.351692
1481,6,166,12,2026-03-13 11:27:51.351723
1481,53,106,12,2026-03-13 11:27:51.351725
1481,92,401,52,2026-03-13 11:27:51.351728
1481,34,396,87,2026-03-13 11:27:51.351731
1481,45,296,16,2026-03-13 11:27:51.351734
1482,6,474,87,2026-03-13 11:27:51.351765
1482,64,283,33,2026-03-13 11:27:51.351768
1482,23,143,64,2026-03-13 11:27:51.351771
1482,24,170,40,2026-03-13 11:27:51.351774
1482,11,359,84,2026-03-13 11:27:51.351777
1483,74,299,72,2026-03-13 11:27:51.351809
1483,55,391,15,2026-03-13 11:27:51.351812
1483,78,87,22,2026-03-13 11:27:51.351814
1483,51,297,10,2026-03-13 11:27:51.351818
1483,35,251,39,2026-03-13 11:27:51.351821
1484,64,281,100,2026-03-13 11:27:51.351851
1484,20,363,12,2026-03-13 11:27:51.351854
1484,76,3,95,2026-03-13 11:27:51.351857
1484,56,235,41,2026-03-13 11:27:51.351860
1484,7,154,12,2026-03-13 11:27:51.351863
1485,67,297,40,2026-03-13 11:27:51.351894
1485,8,109,27,2026-03-13 11:27:51.351897
1485,5,410,57,2026-03-13 11:27:51.351900
1485,77,279,80,2026-03-13 11:27:51.351903
1485,86,106,80,2026-03-13 11:27:51.351906
1486,97,20,44,2026-03-13 11:27:51.351938
1486,96,132,65,2026-03-13 11:27:51.351941
1486,64,350,14,2026-03-13 11:27:51.351944
1486,10,317,36,2026-03-13 11:27:51.351947
1486,43,100,73,2026-03-13 11:27:51.351950
1487,26,75,78,2026-03-13 11:27:51.351980
1487,59,327,25,2026-03-13 11:27:51.351983
1487,46,208,58,2026-03-13 11:27:51.351986
1487,56,265,96,2026-03-13 11:27:51.351989
1487,53,445,81,2026-03-13 11:27:51.351992
1488,40,492,64,2026-03-13 11:27:51.352023
1488,12,347,81,2026-03-13 11:27:51.352026
1488,1,238,75,2026-03-13 11:27:51.352029
1488,95,429,80,2026-03-13 11:27:51.352032
1488,76,303,11,2026-03-13 11:27:51.352041
1489,53,498,95,2026-03-13 11:27:51.352128
1489,71,300,14,2026-03-13 11:27:51.352131
1489,95,428,68,2026-03-13 11:27:51.352134
1489,7,478,83,2026-03-13 11:27:51.352137
1489,69,409,59,2026-03-13 11:27:51.352140
1490,43,131,64,2026-03-13 11:27:51.352172
1490,12,263,31,2026-03-13 11:27:51.352175
1490,46,115,85,2026-03-13 11:27:51.352178
1490,62,29,20,2026-03-13 11:27:51.352181
1490,7,150,46,2026-03-13 11:27:51.352183
1491,10,215,48,2026-03-13 11:27:51.352214
1491,51,36,16,2026-03-13 11:27:51.352217
1491,13,373,51,2026-03-13 11:27:51.352220
1491,61,65,58,2026-03-13 11:27:51.352223
1491,25,302,74,2026-03-13 11:27:51.352226
1492,52,104,23,2026-03-13 11:27:51.352261
1492,41,494,72,2026-03-13 11:27:51.352264
1492,57,453,47,2026-03-13 11:27:51.352267
1492,63,257,87,2026-03-13 11:27:51.352270
1492,44,146,62,2026-03-13 11:27:51.352273
1493,21,485,38,2026-03-13 11:27:51.352303
1493,15,191,42,2026-03-13 11:27:51.352306
1493,79,404,81,2026-03-13 11:27:51.352309
1493,76,469,27,2026-03-13 11:27:51.352312
1493,58,217,17,2026-03-13 11:27:51.352315
1494,33,136,74,2026-03-13 11:27:51.352347
1494,46,232,25,2026-03-13 11:27:51.352350
1494,78,443,15,2026-03-13 11:27:51.352353
1494,40,311,74,2026-03-13 11:27:51.352357
1494,14,488,46,2026-03-13 11:27:51.352360
1495,88,169,45,2026-03-13 11:27:51.352391
1495,90,387,92,2026-03-13 11:27:51.352394
1495,82,411,21,2026-03-13 11:27:51.352397
1495,24,272,30,2026-03-13 11:27:51.352400
1495,22,482,83,2026-03-13 11:27:51.352403
1496,40,276,46,2026-03-13 11:27:51.352434
1496,2,484,14,2026-03-13 11:27:51.352437
1496,8,265,28,2026-03-13 11:27:51.352440
1496,56,93,84,2026-03-13 11:27:51.352443
1496,77,271,18,2026-03-13 11:27:51.352446
1497,77,323,85,2026-03-13 11:27:51.352477
1497,96,54,77,2026-03-13 11:27:51.352480
1497,60,333,98,2026-03-13 11:27:51.352485
1497,64,406,44,2026-03-13 11:27:51.352488
1497,61,426,76,2026-03-13 11:27:51.352491
1498,12,308,12,2026-03-13 11:27:51.352522
1498,34,444,25,2026-03-13 11:27:51.352525
1498,94,168,94,2026-03-13 11:27:51.352528
1498,16,379,53,2026-03-13 11:27:51.352531
1498,98,388,26,2026-03-13 11:27:51.352534
1499,84,340,49,2026-03-13 11:27:51.352567
1499,27,187,50,2026-03-13 11:27:51.352570
1499,31,160,72,2026-03-13 11:27:51.352573
1499,21,24,76,2026-03-13 11:27:51.352576
1499,40,430,12,2026-03-13 11:27:51.352579
